ID,Age,Gender,Education,Salary,Experience,Department,Remote_Work,Joining_Year,Performance_Score,Certifications,Attrition
1,56.0,Male,High School,87046.9,5.0,HR,No,2006.0,1.0,6.0,Yes
2,69.0,Other,Masters,69873.07,,IT,Yes,2009.0,5.0,3.0,No
3,46.0,Female,High School,60916.63,38.0,Operations,No,1992.0,9.0,,No
4,32.0,Male,PhD,76792.04,11.0,IT,Yes,2015.0,6.0,,No
5,60.0,Male,PhD,35025.08,,Marketing,No,2004.0,10.0,,No
6,25.0,None,High School,109621.62,13.0,Finance,Yes,1997.0,2.0,5.0,Yes
7,38.0,Female,Bachelors,83082.11,21.0,Finance,Yes,2002.0,9.0,2.0,Yes
8,56.0,Male,Masters,87339.8,22.0,Operations,No,1992.0,6.0,0.0,No
9,36.0,Other,PhD,48516.93,47.0,IT,No,1990.0,5.0,10.0,No
10,40.0,Male,PhD,95652.97,6.0,IT,Yes,1998.0,5.0,9.0,Yes
11,28.0,Female,Masters,60799.66,39.0,Marketing,No,2020.0,3.0,,Yes
12,28.0,Male,None,50948.84,49.0,Finance,No,2015.0,6.0,4.0,Yes
13,41.0,Female,High School,69216.55,24.0,IT,No,2006.0,4.0,9.0,Yes
14,53.0,Female,High School,68748.9,12.0,Operations,Yes,2023.0,10.0,9.0,Yes
15,57.0,None,Bachelors,48429.26,20.0,Finance,Yes,1998.0,2.0,2.0,Yes
16,41.0,Female,Bachelors,52101.25,40.0,Marketing,Yes,2002.0,3.0,7.0,No
17,20.0,Female,PhD,50535.36,9.0,Operations,No,1994.0,9.0,9.0,Yes
18,39.0,Other,High School,50725.7,8.0,HR,No,2002.0,9.0,0.0,Yes
19,19.0,Female,Masters,62238.04,14.0,Marketing,Yes,1990.0,6.0,10.0,No
20,41.0,Other,PhD,42220.3,1.0,Operations,Yes,2014.0,10.0,1.0,Yes
21,61.0,Other,Masters,56172.51,24.0,IT,No,1993.0,10.0,2.0,Yes
22,47.0,Female,PhD,90902.69,12.0,HR,No,2025.0,9.0,,Yes
23,55.0,Female,Bachelors,86466.19,33.0,Marketing,No,1999.0,4.0,7.0,No
24,19.0,Male,PhD,49002.42,33.0,IT,No,2017.0,5.0,4.0,Yes
25,38.0,Other,Bachelors,89164.1,34.0,HR,Yes,1995.0,10.0,7.0,No
26,50.0,Male,PhD,30671.21,37.0,Finance,No,2016.0,6.0,10.0,Yes
27,29.0,Female,High School,118582.89,2.0,IT,No,2001.0,9.0,10.0,No
28,39.0,Male,Masters,96006.26,41.0,Operations,Yes,1992.0,5.0,5.0,Yes
29,61.0,Other,High School,58805.36,5.0,Marketing,Yes,2022.0,8.0,,Yes
30,42.0,Male,PhD,77648.53,47.0,HR,No,1999.0,1.0,10.0,Yes
31,66.0,Other,PhD,41981.61,48.0,IT,Yes,2020.0,5.0,3.0,No
32,44.0,Female,PhD,71208.86,18.0,Finance,No,2004.0,10.0,8.0,Yes
33,59.0,None,None,66326.74,2.0,Marketing,No,1996.0,1.0,3.0,Yes
34,45.0,Other,None,53304.73,17.0,Marketing,Yes,2025.0,10.0,4.0,No
35,,Female,Masters,60628.85,38.0,IT,Yes,,6.0,4.0,No
36,,Female,PhD,58660.25,8.0,Finance,Non,2003.0,7.0,9.0,No
37,64.0,Female,PhD,47365.27,11.0,HR,Yes,1992.0,5.0,,Yes
38,68.0,Female,Bachelors,52837.06,4.0,IT,No,1992.0,1.0,5.0,No
39,61.0,Other,High School,41163.11,2.0,HR,No,2011.0,6.0,9.0,Yes
40,69.0,Male,High School,87146.62,,Marketing,No,2008.0,10.0,6.0,No
41,20.0,Male,None,51357.75,29.0,HR,Yes,2024.0,5.0,5.0,No
42,54.0,Female,Bachelors,45559.58,3.0,Finance,No,2001.0,6.0,4.0,Yes
43,,Male,PhD,86830.09,4.0,Operations,No,1994.0,10.0,,Yes
44,24.0,Male,Masters,77392.41,0.0,Finance,No,1999.0,7.0,2.0,Yes
45,38.0,Female,Bachelors,86090.02,26.0,HR,Yes,2022.0,7.0,6.0,Yes
46,26.0,Female,High School,88321.66,27.0,IT,No,2002.0,2.0,9.0,No
47,56.0,Male,Bachelors,108749.1,28.0,Marketing,No,2024.0,3.0,,No
48,,Other,High School,66879.2,17.0,Operations,No,2021.0,6.0,6.0,No
49,21.0,Female,Bachelors,40847.85,11.0,IT,Yes,2000.0,3.0,1.0,Yes
50,42.0,Other,Masters,75420.76,12.0,IT,No,2013.0,2.0,8.0,Yes
51,31.0,Male,High School,56619.91,40.0,Finance,No,2024.0,4.0,7.0,No
52,67.0,Female,Masters,50849.89,1.0,HR,Yes,2008.0,5.0,4.0,No
53,26.0,Other,Masters,71998.5,36.0,Finance,Yes,1995.0,10.0,,Yes
54,43.0,Female,High School,87315.05,44.0,HR,No,2024.0,9.0,5.0,No
55,19.0,Male,High School,53280.1,15.0,Finance,No,1993.0,3.0,7.0,No
56,37.0,Other,PhD,95487.76,47.0,IT,No,2022.0,3.0,6.0,No
57,45.0,Male,PhD,50207.72,23.0,Marketing,Yes,2002.0,6.0,7.0,Yes
58,64.0,Male,PhD,65121.94,34.0,HR,Yes,2025.0,5.0,3.0,No
59,24.0,Female,Masters,77726.16,21.0,Operations,No,2008.0,6.0,2.0,Yes
60,61.0,Other,Masters,62242.02,35.0,Operations,Yes,2001.0,7.0,6.0,No
61,25.0,Male,PhD,34479.95,10.0,IT,No,2000.0,3.0,,Yes
62,64.0,Male,Masters,88548.15,45.0,Finance,No,1995.0,5.0,4.0,No
63,52.0,Other,Masters,57530.71,28.0,Finance,Yes,2001.0,8.0,6.0,No
64,31.0,Male,High School,84897.97,34.0,IT,No,2016.0,4.0,0.0,No
65,34.0,Male,High School,44717.12,47.0,Operations,Yes,2014.0,10.0,3.0,Yes
66,53.0,Other,Masters,48131.27,14.0,Operations,Yes,1992.0,2.0,1.0,No
67,67.0,Other,PhD,87248.67,30.0,Finance,No,1992.0,4.0,5.0,No
68,57.0,Other,Bachelors,76810.16,41.0,HR,Yes,2009.0,2.0,0.0,Yes
69,21.0,Other,PhD,61228.29,40.0,Marketing,No,2017.0,3.0,,Yes
70,19.0,Female,Bachelors,77100.63,42.0,HR,Yes,2012.0,4.0,2.0,No
71,,Other,PhD,50919.22,15.0,Operations,No,1992.0,4.0,0.0,No
72,59.0,Female,High School,72205.18,9.0,HR,No,2013.0,10.0,7.0,No
73,21.0,Female,Masters,72571.08,48.0,Marketing,No,1995.0,9.0,6.0,No
74,46.0,Female,Masters,62524.37,31.0,HR,Yes,2009.0,10.0,,No
75,35.0,Male,High School,53294.29,1.0,HR,No,,6.0,6.0,Yes
76,43.0,Female,Bachelors,71404.97,23.0,HR,Yes,2021.0,9.0,2.0,No
77,61.0,Female,Bachelors,68900.38,22.0,HR,Yes,2016.0,4.0,8.0,Yes
78,51.0,Male,Bachelors,60683.56,1.0,IT,Yes,2010.0,9.0,7.0,Yes
79,27.0,Male,High School,49323.71,37.0,Operations,Yes,2002.0,9.0,4.0,No
80,53.0,Male,Bachelors,70249.54,30.0,Marketing,Yes,2011.0,6.0,6.0,Yes
81,31.0,Other,High School,60733.55,39.0,Operations,No,2024.0,5.0,2.0,No
82,48.0,Male,PhD,49306.85,25.0,IT,Yes,2011.0,3.0,0.0,Yes
83,65.0,Male,PhD,70870.6,28.0,IT,No,2017.0,5.0,0.0,Yes
84,32.0,Female,High School,102166.11,2.0,IT,No,2010.0,3.0,10.0,No
85,25.0,Male,None,62663.45,13.0,IT,Yes,2007.0,5.0,1.0,No
86,31.0,Other,PhD,99955.53,24.0,HR,No,2020.0,5.0,7.0,Yes
87,40.0,Male,Bachelors,112286.63,,Operations,No,2010.0,2.0,0.0,No
88,57.0,Other,High School,50931.62,0.0,Finance,Yes,2003.0,9.0,10.0,No
89,38.0,Male,Bachelors,70180.88,2.0,Marketing,No,2014.0,7.0,4.0,Yes
90,33.0,None,Bachelors,112074.64,25.0,IT,Yes,2016.0,6.0,,Yes
91,,Male,Masters,67578.4,17.0,Operations,Yes,2012.0,5.0,8.0,Yes
92,35.0,Male,Bachelors,70736.24,8.0,IT,Yes,2020.0,4.0,1.0,No
93,64.0,Other,Masters,36599.89,37.0,IT,No,2018.0,8.0,6.0,No
94,41.0,Other,PhD,59366.76,22.0,IT,No,2019.0,2.0,,No
95,43.0,None,High School,81111.77,20.0,IT,No,2015.0,8.0,0.0,Yes
96,42.0,Other,Bachelors,118585.65,0.0,IT,No,2009.0,1.0,2.0,No
97,62.0,Male,High School,66079.86,,Marketing,Yes,2008.0,10.0,5.0,Yes
98,58.0,Female,Bachelors,36747.47,26.0,Operations,Yes,2016.0,1.0,8.0,Yes
99,46.0,Female,High School,41895.02,41.0,IT,No,2014.0,3.0,9.0,Yes
100,,Female,Bachelors,69284.21,5.0,IT,Yes,2012.0,5.0,1.0,Yes
101,62.0,Male,Bachelors,93544.14,43.0,IT,No,2018.0,6.0,,Yes
102,18.0,Other,Bachelors,82747.07,35.0,IT,Yes,2004.0,4.0,3.0,Yes
103,42.0,Male,Bachelors,79205.12,27.0,HR,Yes,1992.0,7.0,1.0,Yes
104,24.0,Female,Bachelors,96182.89,44.0,HR,Yes,1999.0,7.0,2.0,No
105,26.0,Male,Bachelors,55595.42,16.0,Finance,Yes,2004.0,2.0,5.0,Yes
106,41.0,Male,Bachelors,70381.89,39.0,IT,Yes,2005.0,2.0,9.0,No
107,18.0,Other,Bachelors,59592.36,2.0,Finance,No,2006.0,2.0,8.0,No
108,61.0,Other,Bachelors,64570.89,11.0,Marketing,No,2008.0,2.0,7.0,No
109,25.0,Female,High School,49874.61,38.0,Finance,Yes,2000.0,9.0,9.0,No
110,41.0,Male,Masters,63120.48,11.0,Operations,No,1994.0,5.0,10.0,No
111,28.0,Male,Bachelors,69445.69,1.0,HR,Yes,1994.0,8.0,8.0,Yes
112,,Other,Masters,62570.57,45.0,HR,Yes,2003.0,5.0,3.0,No
113,34.0,Male,Bachelors,66778.77,21.0,IT,Yes,2015.0,5.0,3.0,No
114,25.0,Male,Bachelors,78100.81,22.0,IT,Yes,1997.0,1.0,8.0,No
115,52.0,Male,High School,94773.92,29.0,Marketing,No,1994.0,6.0,7.0,Yes
116,52.0,Other,PhD,96223.12,4.0,Marketing,Yes,1996.0,4.0,,No
117,50.0,Female,PhD,85228.44,8.0,Operations,No,2005.0,3.0,7.0,No
118,22.0,Female,High School,44800.37,20.0,IT,Yes,2003.0,6.0,0.0,No
119,59.0,Male,Masters,62791.8,10.0,IT,Yes,1993.0,2.0,8.0,No
120,56.0,Female,PhD,64514.3,,Marketing,No,2025.0,8.0,8.0,Yes
121,58.0,Other,High School,56857.0,,Marketing,Yes,2006.0,1.0,7.0,No
122,45.0,Other,High School,76847.02,26.0,Marketing,Non,2025.0,9.0,10.0,Yes
123,24.0,Female,PhD,38113.43,48.0,HR,Non,1995.0,8.0,4.0,Yes
124,26.0,Female,Masters,103871.33,1.0,Finance,No,2005.0,1.0,4.0,No
125,25.0,Male,High School,93904.41,23.0,Finance,No,2018.0,10.0,2.0,No
126,29.0,Female,Bachelors,79564.05,30.0,IT,Yes,2025.0,9.0,4.0,Yes
127,51.0,Male,Masters,68757.81,32.0,HR,Yes,1999.0,2.0,,No
128,50.0,Male,Masters,94576.79,38.0,Marketing,No,2025.0,3.0,0.0,No
129,,Other,PhD,83788.1,29.0,IT,No,2018.0,2.0,8.0,No
130,40.0,Other,PhD,92132.76,45.0,HR,Yes,2003.0,8.0,9.0,Yes
131,41.0,Other,Bachelors,68818.96,36.0,Operations,Yes,1993.0,2.0,3.0,Yes
132,54.0,Other,High School,105786.26,27.0,HR,No,2025.0,10.0,2.0,No
133,52.0,Female,PhD,93337.76,30.0,IT,No,2002.0,2.0,5.0,No
134,61.0,Other,PhD,80190.73,10.0,Finance,No,2007.0,1.0,0.0,Yes
135,57.0,Female,Masters,95119.46,22.0,Marketing,No,2022.0,7.0,4.0,Yes
136,,Other,PhD,61616.76,1.0,Operations,Yes,2010.0,2.0,6.0,Yes
137,44.0,Female,PhD,46649.99,,HR,Yes,2005.0,10.0,1.0,Yes
138,52.0,Male,PhD,76431.01,40.0,IT,Yes,2004.0,5.0,9.0,Yes
139,18.0,Female,PhD,68858.19,26.0,IT,Yes,1994.0,5.0,8.0,Yes
140,52.0,Female,Masters,66045.65,34.0,Marketing,No,1995.0,3.0,5.0,Yes
141,54.0,Other,Bachelors,94326.24,1.0,IT,Yes,1992.0,3.0,1.0,No
142,64.0,Female,Bachelors,73342.78,38.0,IT,No,2001.0,3.0,7.0,Yes
143,31.0,Male,High School,75271.38,36.0,Marketing,Yes,2025.0,6.0,7.0,Yes
144,20.0,Male,PhD,63458.95,20.0,Operations,Yes,2022.0,4.0,0.0,No
145,18.0,Other,Masters,87622.46,4.0,Finance,Yes,2025.0,3.0,0.0,No
146,22.0,Male,High School,84037.52,44.0,Finance,No,2022.0,2.0,0.0,No
147,43.0,Female,High School,87473.19,20.0,HR,Yes,2020.0,3.0,3.0,Yes
148,31.0,Male,Bachelors,60054.72,28.0,Operations,No,2010.0,4.0,3.0,Yes
149,56.0,Other,Masters,96081.77,19.0,HR,No,2016.0,6.0,7.0,No
150,44.0,Female,Masters,106775.37,37.0,Finance,Yes,2016.0,4.0,0.0,No
151,26.0,Other,Masters,86840.77,19.0,Marketing,No,1997.0,8.0,,No
152,32.0,Female,Bachelors,53814.23,49.0,IT,Yes,2021.0,3.0,2.0,Yes
153,32.0,Male,None,53955.95,24.0,Finance,No,2015.0,3.0,10.0,No
154,43.0,Other,Bachelors,62492.46,1.0,Operations,Yes,1991.0,3.0,0.0,Yes
155,59.0,Other,Bachelors,58712.46,31.0,Finance,No,2001.0,8.0,,Yes
156,30.0,Female,Bachelors,68578.15,25.0,Operations,No,2011.0,4.0,9.0,Yes
157,68.0,Other,PhD,82648.85,5.0,Operations,Yes,2006.0,1.0,8.0,Yes
158,49.0,Female,PhD,75799.05,40.0,Operations,Yes,1996.0,2.0,6.0,No
159,56.0,Female,Masters,74045.78,2.0,HR,Yes,1993.0,10.0,7.0,No
160,66.0,Female,High School,65175.95,32.0,Marketing,Yes,2021.0,2.0,0.0,No
161,69.0,Female,Masters,68523.08,0.0,Finance,No,2000.0,3.0,4.0,Yes
162,49.0,Male,High School,85931.51,4.0,Marketing,No,1990.0,6.0,1.0,No
163,21.0,Female,Bachelors,29760.84,12.0,IT,No,2014.0,8.0,0.0,Yes
164,47.0,Other,High School,69772.19,18.0,Finance,No,2013.0,1.0,2.0,Yes
165,54.0,Male,Masters,75759.75,11.0,Marketing,Yes,2006.0,9.0,6.0,Yes
166,40.0,Other,Masters,85671.66,47.0,Marketing,No,1997.0,1.0,0.0,No
167,56.0,Male,High School,49799.08,24.0,IT,Yes,2016.0,10.0,10.0,Yes
168,62.0,Female,PhD,48741.81,34.0,Operations,No,2007.0,2.0,1.0,Yes
169,32.0,Male,Bachelors,81679.1,11.0,Finance,Yes,2016.0,3.0,1.0,No
170,60.0,Male,Bachelors,31910.96,29.0,Finance,Yes,2011.0,7.0,3.0,No
171,46.0,Other,Masters,96643.78,,IT,Yes,2005.0,9.0,2.0,No
172,53.0,Other,PhD,74531.84,33.0,Operations,Yes,1991.0,3.0,2.0,Yes
173,30.0,Female,High School,101174.42,21.0,Finance,Yes,1994.0,8.0,9.0,Yes
174,49.0,Male,Bachelors,48258.55,,Finance,Non,2007.0,10.0,4.0,No
175,24.0,Male,PhD,61272.81,12.0,Finance,Yes,1992.0,10.0,2.0,Yes
176,68.0,Male,Bachelors,21842.63,46.0,Operations,No,2016.0,7.0,10.0,Yes
177,39.0,Female,PhD,54086.2,2.0,IT,No,2006.0,4.0,6.0,No
178,45.0,Female,PhD,66323.06,19.0,Finance,Yes,2005.0,4.0,,No
179,19.0,Female,Masters,30745.85,30.0,Marketing,No,1995.0,4.0,3.0,No
180,59.0,None,Bachelors,62107.46,,Operations,No,1996.0,6.0,2.0,No
181,62.0,Female,High School,30253.2,23.0,HR,No,2003.0,4.0,3.0,No
182,23.0,Other,Masters,64850.8,39.0,IT,Yes,2004.0,5.0,,No
183,45.0,Male,Masters,92942.24,32.0,Marketing,Yes,2022.0,9.0,,No
184,45.0,Male,High School,69300.4,7.0,Finance,Yes,2016.0,7.0,2.0,No
185,61.0,Male,Masters,103164.15,23.0,HR,Yes,2018.0,8.0,10.0,Yes
186,61.0,Male,PhD,85725.85,49.0,IT,No,1994.0,5.0,1.0,Yes
187,37.0,Male,PhD,96962.96,19.0,Operations,No,2018.0,5.0,,Yes
188,47.0,Male,Bachelors,54701.1,15.0,HR,No,2021.0,7.0,,Yes
189,28.0,Male,Bachelors,54217.17,49.0,HR,No,1995.0,8.0,1.0,Yes
190,45.0,Male,High School,76912.27,11.0,Marketing,No,1991.0,9.0,8.0,Yes
191,42.0,Other,Bachelors,38445.96,12.0,IT,No,1995.0,2.0,4.0,Yes
192,56.0,Male,PhD,79422.87,44.0,Marketing,Yes,1993.0,3.0,8.0,Yes
193,50.0,Other,High School,63521.6,41.0,Marketing,No,2018.0,2.0,7.0,Yes
194,18.0,Female,High School,96599.94,,Finance,No,2014.0,10.0,10.0,Yes
195,44.0,Male,Bachelors,83590.25,24.0,Operations,No,,7.0,5.0,Yes
196,69.0,Female,PhD,91934.13,45.0,HR,Yes,1992.0,2.0,0.0,No
197,30.0,None,High School,164747.64,31.0,IT,No,2015.0,2.0,9.0,Yes
198,58.0,Female,PhD,90964.21,23.0,Operations,No,2016.0,2.0,4.0,No
199,20.0,Other,PhD,98894.25,47.0,Operations,Yes,2025.0,4.0,0.0,Yes
200,56.0,Female,PhD,69225.72,46.0,IT,No,2021.0,1.0,6.0,No
201,23.0,Female,Bachelors,55212.99,43.0,Operations,Yes,1990.0,2.0,9.0,Yes
202,25.0,Female,Masters,55564.26,8.0,Finance,Yes,2005.0,3.0,10.0,No
203,44.0,Male,Masters,94780.26,39.0,Operations,No,2000.0,7.0,7.0,Yes
204,26.0,Male,High School,123686.91,49.0,Finance,No,2015.0,10.0,7.0,No
205,54.0,Other,PhD,50367.1,22.0,HR,Yes,1990.0,1.0,6.0,Yes
206,50.0,Other,Bachelors,48829.6,49.0,HR,No,2015.0,6.0,1.0,No
207,,Male,PhD,88428.28,12.0,Marketing,No,2017.0,3.0,4.0,Yes
208,59.0,Other,PhD,54921.73,31.0,Finance,Yes,1998.0,3.0,3.0,No
209,61.0,Male,Bachelors,90367.11,49.0,HR,Yes,2011.0,4.0,,No
210,41.0,Female,Masters,79306.92,14.0,Operations,No,1997.0,4.0,9.0,No
211,32.0,Female,PhD,69520.45,35.0,IT,Yes,,7.0,,No
212,49.0,Other,PhD,78825.43,,IT,No,2008.0,3.0,3.0,No
213,,Male,Masters,77603.97,4.0,Finance,No,2014.0,8.0,7.0,No
214,41.0,Male,Bachelors,66407.87,21.0,Marketing,No,2010.0,8.0,7.0,No
215,58.0,Other,High School,34872.78,15.0,Operations,No,2013.0,7.0,1.0,No
216,69.0,Male,Masters,73573.01,40.0,Finance,Yes,2013.0,2.0,,Yes
217,66.0,None,High School,101461.21,9.0,IT,No,2008.0,5.0,4.0,Yes
218,66.0,Other,High School,37824.63,23.0,Finance,Yes,1991.0,6.0,1.0,Yes
219,69.0,Other,Masters,50684.3,17.0,Operations,No,2003.0,10.0,9.0,No
220,,Male,PhD,78536.54,48.0,HR,No,2021.0,4.0,3.0,No
221,56.0,Other,High School,70771.84,17.0,Operations,Yes,2021.0,10.0,6.0,Yes
222,19.0,Male,High School,78223.64,6.0,HR,No,2017.0,5.0,0.0,Yes
223,20.0,Male,Bachelors,56013.64,3.0,HR,Yes,2002.0,9.0,8.0,No
224,66.0,Male,PhD,93249.17,25.0,HR,Yes,2001.0,7.0,9.0,No
225,54.0,Male,High School,70938.01,4.0,Finance,No,1997.0,2.0,0.0,Yes
226,66.0,Male,Bachelors,83939.71,15.0,IT,No,2004.0,1.0,4.0,No
227,34.0,Other,PhD,76405.55,34.0,Finance,No,2015.0,2.0,6.0,Yes
228,66.0,Female,Masters,73509.9,25.0,IT,No,2001.0,3.0,7.0,No
229,19.0,None,Masters,82536.67,17.0,Operations,Yes,2016.0,2.0,1.0,Yes
230,,Other,Bachelors,73729.76,28.0,Marketing,No,2007.0,3.0,3.0,Yes
231,45.0,None,Masters,46196.02,22.0,Operations,No,2025.0,10.0,1.0,No
232,,Female,High School,91747.14,,Finance,No,2016.0,9.0,3.0,Yes
233,54.0,Female,PhD,86362.55,14.0,Finance,No,1998.0,4.0,5.0,No
234,49.0,Female,High School,27862.99,48.0,IT,No,1990.0,9.0,5.0,No
235,50.0,Female,High School,56915.99,32.0,Finance,Yes,,3.0,1.0,No
236,18.0,Female,Masters,90847.21,24.0,HR,No,2015.0,1.0,10.0,No
237,36.0,Male,High School,33461.43,,Finance,Yes,1996.0,5.0,3.0,No
238,19.0,Other,Masters,88871.34,16.0,IT,No,1996.0,10.0,3.0,Yes
239,61.0,Male,PhD,67175.55,22.0,IT,No,1997.0,10.0,0.0,No
240,43.0,Female,PhD,96805.65,42.0,HR,No,2005.0,2.0,1.0,No
241,49.0,Female,High School,69977.06,16.0,IT,Yes,1992.0,4.0,2.0,Yes
242,23.0,Female,Bachelors,55558.64,13.0,Marketing,No,1999.0,2.0,10.0,No
243,49.0,Male,Masters,76161.71,28.0,Operations,Yes,1996.0,2.0,4.0,Yes
244,21.0,Male,Masters,69392.29,19.0,Finance,Yes,2010.0,3.0,10.0,No
245,28.0,Female,High School,53782.98,29.0,Marketing,No,2020.0,5.0,7.0,Yes
246,34.0,Male,Masters,114366.87,18.0,Finance,Yes,2012.0,4.0,5.0,No
247,55.0,Male,Masters,50578.04,38.0,Marketing,No,2016.0,2.0,2.0,No
248,41.0,Female,Bachelors,25140.89,,Finance,No,2011.0,10.0,5.0,No
249,22.0,Male,Bachelors,101633.98,17.0,HR,Yes,2016.0,2.0,6.0,No
250,69.0,Other,High School,58328.73,22.0,IT,No,1993.0,6.0,5.0,No
251,51.0,Other,Bachelors,64064.53,45.0,IT,No,2013.0,7.0,9.0,Yes
252,23.0,Other,High School,62841.88,32.0,HR,Yes,2012.0,10.0,,Yes
253,,None,PhD,58606.97,38.0,Marketing,Yes,2008.0,6.0,0.0,No
254,28.0,Female,High School,54676.15,39.0,Operations,Yes,1992.0,7.0,2.0,Yes
255,65.0,Female,PhD,50063.65,17.0,Marketing,Yes,2016.0,1.0,6.0,No
256,33.0,Female,High School,71295.2,8.0,IT,Yes,1992.0,6.0,3.0,No
257,50.0,Other,Masters,61960.25,32.0,Operations,Yes,,3.0,3.0,No
258,26.0,Other,Bachelors,84607.24,31.0,Finance,No,2006.0,1.0,6.0,Yes
259,23.0,Male,None,79653.88,16.0,Operations,Yes,2020.0,8.0,8.0,No
260,33.0,Male,High School,51449.76,18.0,Marketing,Yes,1999.0,4.0,10.0,Yes
261,46.0,Other,Bachelors,72170.43,,HR,No,2011.0,10.0,1.0,No
262,20.0,Other,High School,61643.23,5.0,Finance,No,2019.0,8.0,8.0,No
263,37.0,Other,Bachelors,50166.79,34.0,Marketing,Yes,2010.0,10.0,2.0,Yes
264,53.0,Other,Bachelors,83788.63,36.0,Finance,Yes,2025.0,4.0,5.0,No
265,,Male,High School,67573.49,33.0,Operations,No,2012.0,4.0,3.0,Yes
266,43.0,Other,PhD,61849.0,19.0,IT,Yes,2001.0,10.0,0.0,No
267,20.0,Male,PhD,52888.66,24.0,Marketing,Yes,2014.0,4.0,,No
268,36.0,Other,Masters,49441.26,3.0,HR,No,2009.0,6.0,10.0,No
269,37.0,Other,Bachelors,109775.36,9.0,Operations,Yes,1996.0,9.0,5.0,Yes
270,49.0,Other,Masters,76682.37,9.0,Marketing,No,2018.0,5.0,7.0,No
271,24.0,Male,Masters,48177.42,23.0,HR,Yes,2018.0,10.0,1.0,Yes
272,69.0,Male,High School,75757.32,20.0,Marketing,No,2002.0,8.0,,No
273,58.0,Female,High School,91240.32,10.0,Operations,No,1992.0,8.0,,No
274,50.0,Other,High School,73350.35,26.0,Marketing,No,1991.0,4.0,1.0,Yes
275,57.0,Female,None,97480.43,15.0,Finance,Yes,2005.0,10.0,1.0,No
276,,Female,High School,39143.74,25.0,Operations,No,2019.0,9.0,3.0,No
277,35.0,Male,High School,30173.56,29.0,Marketing,Yes,1995.0,9.0,3.0,Yes
278,57.0,Male,None,75210.35,48.0,IT,No,1996.0,5.0,2.0,Yes
279,18.0,Female,Bachelors,75529.92,15.0,Marketing,No,1994.0,6.0,7.0,Yes
280,28.0,Other,PhD,3210.0,6.0,Finance,No,1996.0,5.0,6.0,No
281,45.0,Male,High School,57528.48,15.0,HR,Yes,2023.0,3.0,,Yes
282,42.0,Other,High School,49826.75,34.0,HR,Yes,2021.0,8.0,2.0,Yes
283,67.0,Other,High School,42161.08,15.0,HR,No,2002.0,9.0,9.0,No
284,40.0,Female,None,49779.16,39.0,IT,Yes,2019.0,4.0,8.0,Yes
285,48.0,Female,High School,81915.76,11.0,Finance,Yes,2014.0,9.0,,Yes
286,47.0,Female,PhD,49651.9,34.0,Operations,Yes,2010.0,9.0,1.0,No
287,59.0,Female,Masters,50337.56,48.0,HR,No,2010.0,7.0,2.0,Yes
288,52.0,Male,PhD,37623.89,,Finance,Yes,2017.0,8.0,7.0,No
289,24.0,Male,Masters,95378.19,49.0,Marketing,No,2009.0,3.0,3.0,Yes
290,33.0,Female,High School,78692.65,42.0,IT,No,2023.0,5.0,1.0,Yes
291,43.0,Male,Masters,20152.88,35.0,Finance,Non,1994.0,3.0,1.0,No
292,65.0,Female,PhD,50355.2,47.0,Finance,Yes,2007.0,7.0,5.0,Yes
293,69.0,Other,Bachelors,80570.36,16.0,Operations,No,2000.0,6.0,7.0,No
294,66.0,Other,Masters,95627.85,31.0,Finance,Yes,2006.0,3.0,6.0,Yes
295,19.0,Other,Masters,86816.78,40.0,Operations,Yes,2011.0,9.0,3.0,Yes
296,18.0,Female,High School,62886.34,5.0,IT,No,2009.0,1.0,1.0,No
297,65.0,Other,PhD,31372.46,23.0,IT,No,1995.0,10.0,,No
298,29.0,Male,Masters,87404.98,26.0,Marketing,No,2023.0,3.0,3.0,Yes
299,22.0,None,Masters,64062.06,19.0,Operations,Yes,2003.0,10.0,8.0,Yes
300,54.0,Other,Masters,71377.24,24.0,Operations,Yes,2012.0,7.0,4.0,Yes
301,49.0,Other,Masters,66451.59,1.0,HR,No,2009.0,3.0,10.0,No
302,26.0,Male,Bachelors,42889.41,8.0,HR,No,2002.0,3.0,10.0,No
303,58.0,Female,PhD,77285.0,27.0,Marketing,Yes,2021.0,2.0,6.0,Yes
304,52.0,Male,High School,74529.18,37.0,IT,Yes,,9.0,4.0,Yes
305,36.0,Female,High School,61484.22,2.0,HR,No,2003.0,4.0,1.0,Yes
306,65.0,Female,Bachelors,79422.12,19.0,Finance,Yes,2025.0,10.0,5.0,No
307,33.0,Other,None,42520.01,5.0,IT,Yes,1997.0,6.0,6.0,Yes
308,20.0,Female,Masters,64619.94,38.0,Finance,Yes,2011.0,2.0,10.0,No
309,37.0,Male,Bachelors,70522.55,32.0,Operations,Yes,2011.0,9.0,5.0,No
310,41.0,Male,PhD,35301.45,0.0,IT,Yes,2005.0,7.0,2.0,Yes
311,50.0,Female,Masters,68858.07,36.0,Marketing,Yes,2016.0,10.0,9.0,No
312,41.0,Other,Bachelors,84672.9,5.0,Operations,No,1999.0,5.0,7.0,No
313,69.0,Other,PhD,63935.38,44.0,Operations,Yes,2014.0,7.0,2.0,Yes
314,28.0,Male,High School,69317.7,33.0,Finance,No,2020.0,4.0,4.0,Yes
315,66.0,Other,High School,81246.88,46.0,Operations,No,2010.0,10.0,8.0,Yes
316,,Female,None,62244.0,14.0,HR,Yes,2016.0,7.0,10.0,Yes
317,53.0,Female,High School,64044.05,44.0,IT,No,2006.0,2.0,4.0,Yes
318,55.0,Male,PhD,46465.93,25.0,HR,No,2022.0,7.0,6.0,Yes
319,57.0,None,Masters,69701.26,13.0,Finance,No,2020.0,4.0,10.0,Yes
320,37.0,Male,PhD,63303.03,6.0,Finance,Yes,2015.0,4.0,6.0,No
321,52.0,Female,Masters,79981.8,45.0,IT,No,2010.0,1.0,4.0,Yes
322,65.0,None,Bachelors,81269.2,30.0,Operations,Yes,2025.0,3.0,,Yes
323,42.0,Other,PhD,85824.18,23.0,Marketing,No,1990.0,5.0,,Yes
324,52.0,Female,Bachelors,59834.79,30.0,Finance,No,1993.0,5.0,6.0,Yes
325,,Female,High School,26468.38,28.0,IT,No,1993.0,2.0,6.0,Yes
326,46.0,Male,Masters,84832.79,41.0,Marketing,No,2015.0,4.0,3.0,Yes
327,35.0,Male,PhD,78622.42,31.0,Operations,Yes,1993.0,1.0,0.0,No
328,63.0,Female,Bachelors,57294.17,16.0,Finance,No,1998.0,9.0,5.0,Yes
329,35.0,Male,Masters,81098.8,13.0,IT,No,2019.0,1.0,2.0,No
330,19.0,Female,Masters,41028.2,39.0,IT,Yes,1993.0,6.0,10.0,Yes
331,52.0,Other,High School,90604.8,35.0,IT,Yes,1994.0,7.0,4.0,No
332,33.0,Male,High School,63327.51,47.0,Finance,Yes,2012.0,3.0,3.0,No
333,58.0,Female,Masters,53421.45,23.0,Marketing,No,2005.0,1.0,1.0,No
334,53.0,Other,Masters,57565.97,44.0,IT,Yes,2011.0,7.0,6.0,Yes
335,50.0,Other,PhD,65370.3,26.0,Operations,Yes,1997.0,3.0,4.0,Yes
336,21.0,Female,Masters,69759.76,24.0,IT,Yes,2022.0,10.0,6.0,Yes
337,50.0,Male,PhD,70965.61,31.0,Marketing,Yes,2005.0,6.0,8.0,Yes
338,31.0,Female,Masters,61407.85,17.0,Finance,Yes,1994.0,6.0,3.0,Yes
339,38.0,Other,High School,74004.79,45.0,IT,Yes,2005.0,4.0,4.0,Yes
340,65.0,Female,PhD,70165.59,17.0,IT,No,1996.0,6.0,8.0,No
341,37.0,Male,Bachelors,57048.54,36.0,Operations,Yes,1990.0,10.0,9.0,No
342,25.0,Other,High School,54036.19,25.0,Operations,No,1998.0,4.0,,No
343,24.0,Female,PhD,82167.31,8.0,IT,Yes,2007.0,8.0,3.0,Yes
344,20.0,Male,PhD,80486.52,34.0,IT,Yes,1992.0,9.0,4.0,Yes
345,34.0,Other,Bachelors,71142.73,7.0,Operations,Yes,2013.0,2.0,4.0,No
346,50.0,Male,PhD,88483.91,19.0,Marketing,No,2017.0,7.0,7.0,Yes
347,65.0,Other,Masters,30773.45,41.0,HR,Yes,1999.0,9.0,3.0,Yes
348,29.0,Female,Bachelors,58712.11,21.0,HR,Yes,1998.0,9.0,3.0,Yes
349,68.0,Male,High School,46873.66,18.0,IT,Yes,2002.0,5.0,6.0,No
350,39.0,Other,High School,115125.45,29.0,Operations,Yes,2024.0,1.0,10.0,No
351,39.0,Male,Masters,84264.4,27.0,Finance,No,2012.0,6.0,4.0,Yes
352,63.0,None,High School,68418.76,34.0,Finance,No,2006.0,8.0,,No
353,47.0,Female,PhD,85699.81,42.0,HR,No,1996.0,1.0,5.0,No
354,55.0,Male,PhD,92325.51,10.0,Marketing,No,2005.0,2.0,5.0,Yes
355,55.0,Other,Masters,92112.63,30.0,HR,No,2025.0,1.0,9.0,Yes
356,62.0,Other,High School,88434.07,48.0,IT,Yes,2009.0,5.0,4.0,No
357,,Other,High School,64749.19,47.0,Marketing,Yes,2013.0,2.0,4.0,No
358,25.0,Other,Masters,59972.69,38.0,Finance,Yes,1994.0,10.0,8.0,Yes
359,44.0,Female,Bachelors,50756.22,35.0,Operations,No,1995.0,10.0,,Yes
360,44.0,Male,High School,80048.95,29.0,Operations,Yes,2017.0,4.0,3.0,Yes
361,51.0,Female,None,66821.29,22.0,IT,No,1994.0,1.0,6.0,No
362,38.0,Male,High School,61630.58,18.0,HR,Yes,1991.0,7.0,7.0,No
363,47.0,Male,High School,60586.77,11.0,IT,No,2010.0,8.0,8.0,Yes
364,50.0,Male,High School,99003.85,14.0,Operations,Yes,2007.0,5.0,4.0,Yes
365,45.0,Female,High School,89053.61,30.0,Finance,Yes,2001.0,2.0,2.0,Yes
366,64.0,Male,PhD,106607.88,42.0,Operations,Yes,2006.0,8.0,3.0,Yes
367,,Female,Bachelors,80580.33,36.0,Marketing,Yes,2004.0,1.0,9.0,No
368,,Other,Bachelors,71139.09,36.0,Operations,No,1996.0,7.0,5.0,Yes
369,65.0,Other,High School,69491.95,14.0,Operations,Yes,2003.0,1.0,9.0,Yes
370,36.0,Male,High School,49593.97,28.0,Marketing,Yes,1990.0,6.0,10.0,No
371,21.0,Female,Bachelors,44771.62,49.0,HR,Yes,1992.0,6.0,4.0,Yes
372,52.0,Other,None,80146.82,42.0,Operations,No,2020.0,5.0,8.0,No
373,66.0,Female,Masters,51306.43,25.0,IT,Yes,2002.0,2.0,10.0,No
374,34.0,Female,Masters,74229.16,43.0,Operations,Yes,2007.0,2.0,10.0,No
375,,Male,Bachelors,92309.33,1.0,IT,Yes,2006.0,9.0,2.0,Yes
376,45.0,Other,High School,56690.92,19.0,Marketing,Yes,2006.0,5.0,1.0,No
377,47.0,Male,High School,110209.63,14.0,Operations,Non,2000.0,5.0,,Yes
378,46.0,Male,PhD,50186.1,3.0,Marketing,No,2009.0,7.0,6.0,No
379,63.0,Other,None,89803.9,21.0,Marketing,No,1999.0,6.0,4.0,No
380,23.0,Other,PhD,78495.12,49.0,HR,No,2018.0,2.0,0.0,No
381,52.0,Female,Masters,93881.9,37.0,Operations,Yes,2023.0,1.0,2.0,Yes
382,58.0,Other,Bachelors,47676.05,22.0,IT,No,2006.0,5.0,2.0,Yes
383,54.0,Female,Masters,116140.42,25.0,IT,Yes,2002.0,4.0,3.0,No
384,41.0,Female,PhD,66424.5,10.0,Operations,Yes,,3.0,9.0,Yes
385,46.0,Female,PhD,83532.96,27.0,HR,Yes,2015.0,2.0,5.0,No
386,66.0,Other,PhD,98889.75,1.0,HR,Yes,2017.0,10.0,4.0,No
387,,Male,Bachelors,57906.76,7.0,HR,No,2002.0,2.0,0.0,No
388,48.0,Female,Masters,86514.53,28.0,IT,No,2001.0,4.0,5.0,No
389,52.0,None,Masters,54570.61,10.0,Marketing,No,2017.0,2.0,8.0,Yes
390,50.0,Male,PhD,97939.23,36.0,HR,Yes,1991.0,4.0,10.0,No
391,69.0,Other,None,54796.39,17.0,IT,No,2023.0,3.0,0.0,Yes
392,38.0,Male,High School,70770.14,49.0,IT,No,2012.0,9.0,7.0,No
393,49.0,Male,High School,76122.41,13.0,Marketing,Yes,2018.0,7.0,7.0,No
394,40.0,Other,High School,85686.0,9.0,Operations,No,2024.0,3.0,2.0,No
395,50.0,Female,Masters,109369.53,34.0,Operations,Yes,2000.0,8.0,,No
396,20.0,Male,Bachelors,60960.62,8.0,HR,No,2022.0,9.0,10.0,No
397,35.0,Other,Bachelors,92774.7,34.0,HR,No,2000.0,7.0,10.0,Yes
398,42.0,Male,Bachelors,109405.17,10.0,Marketing,No,1998.0,6.0,7.0,Yes
399,59.0,Male,Bachelors,73314.67,43.0,HR,Yes,2003.0,4.0,2.0,No
400,48.0,Female,High School,58997.34,11.0,Marketing,No,1998.0,5.0,9.0,Yes
401,20.0,Male,High School,35399.33,2.0,IT,No,1992.0,8.0,4.0,Yes
402,57.0,Other,PhD,107665.52,38.0,HR,No,2018.0,3.0,2.0,No
403,63.0,Male,Masters,65111.11,13.0,IT,No,2008.0,2.0,,No
404,41.0,Female,Masters,49972.83,27.0,Finance,Yes,2025.0,3.0,8.0,No
405,67.0,Female,Bachelors,42833.4,10.0,Marketing,Yes,2021.0,7.0,3.0,No
406,49.0,Other,High School,49935.72,38.0,Finance,No,1996.0,8.0,5.0,Yes
407,64.0,Female,Bachelors,88394.11,24.0,HR,No,2017.0,1.0,2.0,Yes
408,39.0,Male,PhD,91157.37,20.0,IT,No,2007.0,7.0,2.0,Yes
409,40.0,Female,Masters,83042.44,9.0,HR,Yes,1994.0,9.0,4.0,Yes
410,19.0,Other,Masters,72646.76,42.0,Finance,No,,3.0,7.0,No
411,44.0,Female,Bachelors,45089.59,14.0,HR,No,2011.0,3.0,7.0,No
412,59.0,Female,PhD,55401.18,18.0,Operations,Yes,2015.0,8.0,,No
413,19.0,Female,Masters,47867.61,47.0,Finance,Yes,2001.0,4.0,7.0,No
414,43.0,Other,PhD,81456.42,21.0,HR,Yes,2008.0,8.0,,Yes
415,,Female,PhD,48733.75,20.0,IT,No,1990.0,5.0,7.0,Yes
416,,Female,Bachelors,55715.08,43.0,HR,Yes,1992.0,3.0,2.0,No
417,50.0,Male,High School,66330.26,31.0,IT,Yes,2016.0,4.0,9.0,Yes
418,26.0,Other,None,36604.0,49.0,Operations,No,2007.0,4.0,9.0,Yes
419,60.0,Female,High School,70935.43,22.0,HR,Yes,2019.0,8.0,1.0,No
420,65.0,Other,PhD,67856.94,12.0,Operations,No,1991.0,6.0,9.0,Yes
421,56.0,Female,High School,93684.18,4.0,Finance,No,1994.0,7.0,1.0,No
422,46.0,Female,PhD,53602.69,3.0,IT,Yes,2018.0,9.0,8.0,Yes
423,59.0,Female,Masters,44016.09,27.0,Finance,No,2022.0,6.0,6.0,Yes
424,43.0,Male,Masters,62518.81,13.0,IT,Yes,2009.0,3.0,5.0,No
425,52.0,Male,Masters,48038.17,7.0,Operations,Yes,2019.0,3.0,6.0,No
426,67.0,Male,Bachelors,70783.09,8.0,Marketing,Yes,1994.0,3.0,7.0,No
427,42.0,Other,Bachelors,32801.3,,HR,No,2010.0,10.0,0.0,Yes
428,41.0,Other,PhD,57893.09,,Operations,Yes,2004.0,2.0,7.0,No
429,30.0,Male,Masters,51432.57,20.0,IT,No,2009.0,1.0,2.0,Yes
430,24.0,Other,Bachelors,81355.14,17.0,IT,No,1997.0,10.0,2.0,No
431,53.0,Female,Masters,53788.71,32.0,IT,No,2020.0,1.0,5.0,Yes
432,62.0,Female,None,35278.08,7.0,IT,Yes,2001.0,4.0,3.0,No
433,37.0,Female,High School,65963.6,48.0,HR,No,2010.0,3.0,3.0,No
434,18.0,Male,High School,76397.72,16.0,Finance,No,2019.0,5.0,3.0,Yes
435,25.0,Other,Masters,64575.9,42.0,Marketing,Yes,2016.0,9.0,9.0,Yes
436,63.0,Male,PhD,57773.54,30.0,HR,Yes,2015.0,8.0,8.0,No
437,33.0,Other,Bachelors,56568.76,33.0,IT,No,2022.0,9.0,7.0,Yes
438,31.0,Female,Bachelors,72258.96,5.0,HR,No,2015.0,5.0,2.0,No
439,29.0,Male,High School,52211.03,21.0,Operations,Yes,2015.0,8.0,0.0,Yes
440,68.0,Other,None,63430.34,13.0,IT,No,2025.0,4.0,0.0,Yes
441,40.0,Other,PhD,85008.93,2.0,Marketing,No,1990.0,5.0,0.0,No
442,32.0,Female,PhD,43973.54,11.0,IT,No,2004.0,3.0,3.0,No
443,45.0,Male,PhD,69126.66,,Marketing,No,1990.0,5.0,5.0,Yes
444,51.0,Male,Masters,34220.21,11.0,Marketing,Yes,2000.0,3.0,3.0,Yes
445,19.0,Male,High School,74558.59,44.0,Finance,No,1991.0,5.0,,Yes
446,49.0,Female,Masters,50423.82,1.0,Finance,Yes,1990.0,5.0,,Yes
447,,Male,High School,90391.84,1.0,HR,No,2020.0,6.0,2.0,No
448,39.0,Female,High School,40461.05,14.0,HR,Yes,2005.0,9.0,7.0,No
449,,Female,Bachelors,78841.58,22.0,Marketing,No,2011.0,1.0,7.0,Yes
450,42.0,Female,High School,94422.62,28.0,IT,Yes,2007.0,10.0,5.0,No
451,39.0,Other,High School,49386.21,16.0,Operations,No,2006.0,6.0,,Yes
452,39.0,Male,None,52762.3,31.0,Operations,Yes,2019.0,1.0,9.0,Yes
453,66.0,Male,High School,51116.09,6.0,IT,No,1999.0,6.0,0.0,Yes
454,69.0,Female,Masters,60282.75,29.0,IT,No,2024.0,2.0,7.0,No
455,59.0,Female,PhD,80348.44,27.0,Finance,Yes,,8.0,5.0,Yes
456,,Male,High School,58649.9,13.0,Operations,Yes,2005.0,3.0,0.0,No
457,32.0,Female,High School,47580.84,43.0,Marketing,Yes,1995.0,10.0,3.0,No
458,60.0,Male,Masters,29624.93,29.0,HR,Yes,1992.0,6.0,4.0,Yes
459,54.0,Other,PhD,102038.95,16.0,Finance,Yes,2010.0,6.0,6.0,No
460,50.0,Female,Bachelors,310829.74,31.0,Operations,No,2002.0,4.0,7.0,Yes
461,25.0,Male,PhD,81204.74,45.0,IT,Yes,2007.0,5.0,8.0,Yes
462,61.0,Female,Masters,53792.33,5.0,Operations,Yes,2013.0,2.0,5.0,No
463,61.0,Male,PhD,84954.04,23.0,Marketing,No,2016.0,10.0,9.0,Yes
464,22.0,Male,Masters,88974.14,5.0,Finance,Yes,1993.0,10.0,8.0,No
465,56.0,Female,Masters,64915.04,26.0,IT,Yes,2011.0,8.0,3.0,No
466,21.0,Other,Bachelors,70827.37,17.0,Marketing,Yes,2013.0,10.0,7.0,No
467,23.0,Male,High School,94635.36,23.0,HR,No,1999.0,7.0,2.0,Yes
468,62.0,Male,Masters,37190.77,36.0,Finance,Yes,1991.0,10.0,3.0,No
469,49.0,Male,Masters,89968.46,,Marketing,No,1995.0,6.0,9.0,Yes
470,69.0,Other,Bachelors,63816.92,37.0,Marketing,No,2007.0,7.0,3.0,Yes
471,47.0,Other,Masters,47748.43,33.0,IT,Yes,2006.0,1.0,5.0,No
472,64.0,Female,High School,49393.87,39.0,HR,No,2012.0,5.0,8.0,No
473,52.0,Other,Bachelors,52705.56,46.0,Marketing,Yes,2019.0,7.0,5.0,Yes
474,57.0,None,High School,45798.59,14.0,Finance,Yes,2010.0,1.0,0.0,No
475,69.0,Female,High School,105427.78,10.0,Marketing,Yes,1999.0,2.0,4.0,No
476,33.0,Other,Bachelors,79824.06,21.0,Operations,Yes,2002.0,9.0,8.0,No
477,30.0,Female,Masters,91289.66,23.0,Finance,Yes,2001.0,3.0,4.0,Yes
478,67.0,Other,High School,81247.37,0.0,Finance,No,1998.0,6.0,5.0,No
479,59.0,Female,High School,71224.55,17.0,Marketing,No,1993.0,7.0,2.0,Yes
480,47.0,Other,High School,71495.11,,IT,No,2013.0,9.0,7.0,Yes
481,36.0,Other,High School,62049.75,11.0,Finance,No,2023.0,5.0,9.0,No
482,34.0,Female,Bachelors,63684.35,42.0,Operations,Yes,1994.0,4.0,10.0,No
483,36.0,Male,Bachelors,41837.93,27.0,IT,Yes,,2.0,3.0,Yes
484,45.0,Female,PhD,91636.52,39.0,IT,No,1993.0,3.0,3.0,Yes
485,43.0,Other,PhD,33735.33,6.0,IT,Yes,1997.0,5.0,10.0,No
486,54.0,Male,High School,48827.79,22.0,Finance,No,2013.0,2.0,,Yes
487,43.0,Female,None,110240.68,20.0,IT,No,2017.0,4.0,9.0,No
488,40.0,Female,High School,72723.46,33.0,Marketing,No,2016.0,1.0,8.0,Yes
489,26.0,Female,Masters,73554.21,10.0,IT,No,1990.0,4.0,7.0,No
490,29.0,Male,High School,82746.77,21.0,Operations,Yes,2023.0,7.0,6.0,Yes
491,18.0,Other,PhD,117579.75,41.0,HR,Yes,2006.0,3.0,4.0,No
492,18.0,Female,PhD,42124.13,34.0,Operations,No,2015.0,10.0,,No
493,64.0,Female,Masters,61102.11,28.0,Finance,No,2013.0,8.0,8.0,Yes
494,51.0,Female,High School,51932.78,,IT,No,2010.0,6.0,9.0,No
495,49.0,Female,Masters,68500.88,27.0,IT,No,2019.0,6.0,9.0,Yes
496,65.0,Female,PhD,79710.99,17.0,Marketing,No,2002.0,1.0,1.0,Yes
497,42.0,Other,High School,97783.26,13.0,IT,Yes,1992.0,5.0,3.0,Yes
498,57.0,Other,High School,86221.77,17.0,Operations,No,2021.0,3.0,7.0,Yes
499,62.0,Female,Masters,50114.47,27.0,Finance,Non,2024.0,10.0,,No
500,18.0,Male,Bachelors,62500.72,23.0,HR,Yes,2008.0,1.0,4.0,Yes
501,33.0,Other,Masters,57061.1,7.0,IT,Yes,2003.0,8.0,,Yes
502,56.0,Male,PhD,49668.78,41.0,HR,Yes,2011.0,7.0,,Yes
503,22.0,Other,None,45116.5,44.0,IT,Yes,2006.0,7.0,1.0,No
504,39.0,Female,PhD,103286.25,7.0,Finance,Yes,1993.0,10.0,7.0,Yes
505,46.0,Other,PhD,70212.84,3.0,Operations,Yes,2008.0,10.0,9.0,No
506,20.0,Female,None,65515.4,26.0,Finance,Yes,1991.0,10.0,8.0,No
507,29.0,Other,Bachelors,79685.15,35.0,HR,Yes,2004.0,4.0,,Yes
508,43.0,Female,High School,80674.92,4.0,IT,Yes,1991.0,6.0,7.0,No
509,33.0,Female,Masters,92376.51,32.0,HR,No,2000.0,9.0,4.0,Yes
510,68.0,Female,Masters,55126.77,48.0,Operations,Yes,2012.0,3.0,0.0,No
511,54.0,Female,PhD,78054.44,33.0,Finance,Non,1999.0,9.0,3.0,No
512,39.0,Male,Masters,51776.52,29.0,HR,No,1992.0,4.0,1.0,Yes
513,46.0,Female,PhD,66196.84,7.0,HR,No,1994.0,5.0,2.0,No
514,31.0,Male,Bachelors,71134.85,38.0,Operations,No,1992.0,7.0,2.0,Yes
515,45.0,Male,Bachelors,73089.68,,IT,No,2002.0,6.0,8.0,No
516,22.0,Female,High School,72206.42,25.0,HR,No,2008.0,10.0,9.0,Yes
517,64.0,Male,Bachelors,86036.62,36.0,Operations,No,2024.0,8.0,3.0,Yes
518,66.0,Other,Bachelors,58060.23,33.0,IT,No,2013.0,8.0,1.0,Yes
519,47.0,Female,High School,73633.49,6.0,IT,Yes,2013.0,8.0,2.0,Yes
520,63.0,Male,Masters,54821.9,39.0,Finance,No,2006.0,3.0,,No
521,69.0,Female,PhD,128415.05,27.0,Operations,No,1999.0,10.0,6.0,Yes
522,22.0,Female,PhD,51742.71,38.0,IT,No,1991.0,6.0,7.0,Yes
523,29.0,Female,Masters,55986.95,38.0,Finance,No,2012.0,7.0,10.0,Yes
524,33.0,Male,High School,87652.96,27.0,Marketing,Yes,,9.0,,Yes
525,43.0,Other,Masters,61410.7,,Operations,No,1991.0,10.0,3.0,No
526,43.0,Other,Bachelors,87660.92,49.0,Marketing,Yes,2010.0,10.0,5.0,Yes
527,65.0,Male,High School,73060.45,37.0,IT,Yes,2024.0,4.0,10.0,No
528,38.0,Female,High School,61936.21,3.0,Operations,No,2018.0,5.0,0.0,Yes
529,56.0,Male,High School,54944.89,41.0,Finance,No,1996.0,8.0,,Yes
530,53.0,Male,PhD,54223.27,17.0,IT,Yes,2018.0,1.0,7.0,Yes
531,,Male,Masters,62153.58,,Operations,No,2012.0,6.0,0.0,Yes
532,47.0,Female,High School,66512.07,47.0,Operations,No,2022.0,4.0,4.0,Yes
533,54.0,Male,High School,53362.38,24.0,Marketing,Yes,1997.0,5.0,1.0,Yes
534,,None,High School,67815.35,6.0,IT,Yes,2001.0,5.0,5.0,No
535,27.0,Male,Masters,48117.69,37.0,Finance,No,1999.0,4.0,8.0,No
536,22.0,Other,PhD,85118.02,27.0,Finance,No,2004.0,8.0,4.0,Yes
537,53.0,Male,Bachelors,88947.25,,IT,No,2013.0,2.0,3.0,Yes
538,51.0,Male,PhD,55913.5,2.0,IT,Yes,2015.0,4.0,1.0,Yes
539,69.0,Other,High School,54796.54,,HR,No,1992.0,10.0,2.0,No
540,48.0,Female,PhD,73558.34,30.0,Marketing,Yes,1991.0,1.0,5.0,Yes
541,27.0,None,PhD,95307.32,46.0,IT,Yes,1995.0,6.0,7.0,No
542,36.0,Male,Bachelors,99733.27,41.0,IT,No,2010.0,2.0,7.0,No
543,49.0,Other,Masters,41945.15,19.0,HR,Yes,1998.0,5.0,4.0,No
544,18.0,Female,Masters,90126.1,18.0,HR,No,1999.0,6.0,4.0,No
545,22.0,Male,PhD,68768.93,47.0,Operations,No,2025.0,8.0,,No
546,,Other,PhD,69156.21,10.0,Finance,Yes,1992.0,9.0,2.0,Yes
547,21.0,Female,Masters,80094.25,39.0,Marketing,No,2013.0,6.0,6.0,No
548,33.0,None,Masters,60380.85,2.0,Operations,Yes,2011.0,5.0,5.0,No
549,41.0,Other,Bachelors,91934.01,22.0,IT,Yes,2003.0,4.0,0.0,Yes
550,33.0,Other,High School,98479.25,6.0,HR,No,2016.0,2.0,3.0,Yes
551,,Other,PhD,99225.69,22.0,Finance,No,2022.0,2.0,5.0,No
552,66.0,Other,Masters,33121.7,6.0,Operations,No,2011.0,7.0,10.0,Yes
553,45.0,Male,PhD,65406.85,45.0,Finance,No,2018.0,5.0,5.0,Yes
554,49.0,Other,PhD,31295.39,33.0,HR,Yes,,7.0,10.0,Yes
555,44.0,Female,Masters,54694.4,41.0,Operations,Yes,2008.0,1.0,2.0,No
556,,Female,Bachelors,22050.02,18.0,Operations,Yes,1995.0,1.0,5.0,No
557,41.0,Male,PhD,79005.33,8.0,Finance,No,2008.0,5.0,9.0,Yes
558,29.0,Female,Bachelors,74386.19,47.0,HR,Yes,2002.0,2.0,,Yes
559,67.0,Female,Masters,61347.98,17.0,IT,Yes,2015.0,8.0,8.0,No
560,52.0,Other,High School,54177.04,40.0,Operations,No,2011.0,3.0,8.0,No
561,50.0,Female,High School,76280.63,47.0,IT,No,2010.0,1.0,1.0,Yes
562,50.0,Male,PhD,49771.56,44.0,HR,No,2025.0,2.0,3.0,No
563,68.0,Other,Masters,48410.76,41.0,Operations,Yes,1991.0,10.0,8.0,No
564,60.0,Other,Bachelors,45951.68,24.0,Operations,No,2019.0,10.0,3.0,Yes
565,54.0,Male,PhD,65923.18,13.0,IT,Yes,2016.0,7.0,7.0,Yes
566,29.0,Other,Masters,58353.85,43.0,Marketing,Yes,1996.0,6.0,9.0,No
567,20.0,Other,Masters,62315.24,,IT,Yes,2009.0,8.0,2.0,No
568,18.0,Male,Bachelors,80436.17,18.0,IT,Yes,2020.0,7.0,2.0,No
569,50.0,Other,PhD,89265.93,38.0,Marketing,Yes,2012.0,10.0,8.0,Yes
570,57.0,Male,Masters,99009.62,14.0,HR,No,2002.0,8.0,10.0,Yes
571,27.0,Male,Masters,71202.74,15.0,HR,Yes,2006.0,3.0,9.0,Yes
572,60.0,Female,Masters,230855.35,26.0,Operations,No,1993.0,6.0,7.0,Yes
573,61.0,Female,Bachelors,73776.93,39.0,Finance,Yes,2003.0,7.0,0.0,No
574,46.0,None,PhD,36516.29,9.0,Finance,Yes,2009.0,10.0,,Yes
575,30.0,Other,PhD,62606.06,3.0,Operations,No,2002.0,1.0,1.0,Yes
576,29.0,Male,PhD,62698.04,18.0,Finance,Yes,1992.0,1.0,2.0,No
577,48.0,Other,None,59783.74,27.0,IT,Yes,2015.0,7.0,10.0,Yes
578,63.0,Male,High School,69181.21,20.0,IT,No,2015.0,3.0,1.0,No
579,19.0,Male,High School,65610.39,46.0,Marketing,No,2007.0,3.0,2.0,Yes
580,68.0,Other,PhD,50273.46,,Marketing,Yes,2021.0,10.0,7.0,No
581,67.0,Male,Bachelors,66979.48,,Operations,Yes,2003.0,6.0,10.0,No
582,52.0,Female,High School,57218.99,47.0,Operations,Yes,1992.0,2.0,10.0,No
583,40.0,Other,Masters,17615.15,9.0,Operations,No,1990.0,3.0,,Yes
584,34.0,Female,High School,42058.62,,IT,Yes,2015.0,6.0,,No
585,43.0,Other,None,71778.29,29.0,Finance,No,2013.0,3.0,9.0,Yes
586,,Male,PhD,91837.83,21.0,Operations,No,2024.0,5.0,9.0,Yes
587,46.0,Other,High School,21455.93,2.0,Operations,Yes,2003.0,9.0,,Yes
588,43.0,Female,Bachelors,52592.17,36.0,IT,No,1992.0,3.0,0.0,Yes
589,27.0,Male,High School,78629.08,40.0,IT,Yes,2002.0,6.0,10.0,Yes
590,43.0,None,High School,87563.91,17.0,IT,Yes,2003.0,5.0,2.0,Yes
591,51.0,Other,High School,61597.73,10.0,Finance,No,2010.0,5.0,0.0,No
592,68.0,Other,PhD,169033.06,47.0,Operations,No,2015.0,6.0,,No
593,58.0,Female,Bachelors,94394.21,1.0,HR,No,1992.0,6.0,8.0,Yes
594,,Female,High School,85921.85,11.0,HR,No,1993.0,1.0,8.0,Yes
595,21.0,Other,Bachelors,87172.37,5.0,Operations,No,2025.0,9.0,,Yes
596,67.0,Male,PhD,60638.72,42.0,Operations,No,1990.0,5.0,3.0,Yes
597,62.0,Male,Masters,92273.88,39.0,Operations,Yes,2022.0,1.0,8.0,Yes
598,28.0,Female,High School,31098.63,43.0,Operations,Yes,1996.0,8.0,8.0,No
599,46.0,Male,Bachelors,92624.6,28.0,Finance,Yes,2000.0,7.0,2.0,No
600,53.0,Female,Bachelors,68669.36,29.0,HR,No,2016.0,7.0,4.0,Yes
601,42.0,Other,PhD,72578.68,1.0,Marketing,No,2003.0,5.0,2.0,Yes
602,38.0,Female,High School,51094.95,8.0,HR,No,2011.0,1.0,9.0,No
603,53.0,Female,Masters,33719.47,46.0,HR,Yes,2005.0,9.0,1.0,Yes
604,27.0,Other,Bachelors,72154.08,1.0,IT,Yes,2001.0,9.0,0.0,Yes
605,54.0,Male,None,81027.89,28.0,Operations,No,1999.0,8.0,9.0,Yes
606,26.0,Female,Masters,84053.85,32.0,Operations,No,2013.0,5.0,1.0,No
607,41.0,Female,Bachelors,81895.57,9.0,Operations,No,2007.0,3.0,7.0,No
608,52.0,Other,Bachelors,77363.23,33.0,IT,No,2011.0,10.0,10.0,Yes
609,66.0,Male,Masters,51524.27,43.0,Finance,Yes,1998.0,1.0,7.0,No
610,52.0,Female,Masters,85349.52,7.0,Finance,Yes,2006.0,3.0,2.0,No
611,65.0,Other,PhD,49287.55,36.0,Marketing,Yes,2002.0,7.0,6.0,Yes
612,53.0,Female,High School,92141.28,32.0,Finance,No,1995.0,4.0,6.0,No
613,35.0,Other,High School,68320.36,46.0,Finance,Yes,2010.0,7.0,1.0,No
614,66.0,Male,PhD,68985.82,5.0,Operations,No,2025.0,5.0,8.0,No
615,56.0,Male,Bachelors,87318.53,43.0,HR,No,1996.0,6.0,,No
616,49.0,Male,Masters,90029.37,39.0,Finance,No,2025.0,7.0,1.0,No
617,41.0,Male,Masters,85412.77,44.0,Finance,Yes,2014.0,10.0,2.0,No
618,,Female,Masters,53590.84,18.0,IT,Yes,2000.0,7.0,1.0,Yes
619,49.0,Female,Bachelors,85253.39,31.0,Marketing,No,2003.0,7.0,7.0,Yes
620,54.0,Male,Masters,53704.21,26.0,IT,Yes,2018.0,7.0,4.0,Yes
621,29.0,Male,Masters,85758.03,0.0,Operations,No,1999.0,7.0,2.0,No
622,66.0,Male,PhD,41496.74,42.0,HR,No,1994.0,3.0,4.0,Yes
623,30.0,Female,Bachelors,68126.4,32.0,Marketing,Non,1997.0,3.0,10.0,No
624,40.0,Male,High School,53582.18,39.0,IT,Yes,1994.0,7.0,10.0,No
625,42.0,Male,PhD,87398.71,31.0,Finance,Yes,2013.0,2.0,7.0,Yes
626,52.0,Male,PhD,92303.34,4.0,Finance,No,2015.0,2.0,6.0,No
627,58.0,Other,High School,73979.93,16.0,Marketing,Yes,1995.0,3.0,5.0,Yes
628,47.0,Male,PhD,73322.18,7.0,Finance,Yes,2005.0,4.0,0.0,No
629,34.0,Other,Bachelors,84083.54,41.0,IT,Yes,2025.0,6.0,9.0,Yes
630,66.0,Other,Masters,92422.3,33.0,IT,Yes,2001.0,8.0,0.0,Yes
631,37.0,Male,Bachelors,70746.22,8.0,Finance,No,2000.0,10.0,0.0,Yes
632,65.0,Other,High School,60006.49,22.0,Finance,Yes,1992.0,10.0,9.0,Yes
633,42.0,Male,High School,82945.35,34.0,Operations,No,1995.0,7.0,7.0,No
634,39.0,Female,PhD,32825.45,49.0,HR,No,2008.0,4.0,7.0,Yes
635,30.0,Female,Bachelors,88193.03,6.0,Marketing,Yes,2007.0,2.0,6.0,No
636,36.0,Female,Bachelors,55796.26,14.0,IT,No,2005.0,2.0,5.0,Yes
637,66.0,Female,High School,65195.44,19.0,Marketing,No,2012.0,4.0,3.0,Yes
638,53.0,Other,Bachelors,88321.03,49.0,Operations,Yes,1998.0,10.0,0.0,Yes
639,29.0,Male,High School,61689.81,24.0,IT,No,1992.0,3.0,8.0,No
640,58.0,Male,Bachelors,82948.18,2.0,Operations,No,1997.0,6.0,0.0,Yes
641,36.0,Male,Bachelors,92778.18,45.0,Operations,Yes,1993.0,5.0,3.0,Yes
642,29.0,Female,Bachelors,72200.66,23.0,Finance,Non,2001.0,5.0,2.0,No
643,26.0,Female,High School,76228.96,33.0,Marketing,Yes,2020.0,2.0,6.0,Yes
644,24.0,Male,PhD,67611.28,45.0,Marketing,Yes,2014.0,8.0,4.0,No
645,45.0,Female,Bachelors,72311.96,21.0,Finance,Yes,2005.0,5.0,4.0,Yes
646,31.0,Male,High School,47671.9,10.0,Marketing,No,2003.0,2.0,,Yes
647,48.0,Male,High School,64125.24,,Finance,No,2002.0,7.0,0.0,Yes
648,69.0,Male,Bachelors,44235.89,7.0,IT,Yes,1996.0,9.0,4.0,No
649,36.0,Male,Bachelors,52024.66,38.0,Operations,Yes,2001.0,9.0,3.0,Yes
650,64.0,Male,PhD,29941.02,42.0,Operations,No,1993.0,1.0,9.0,Yes
651,33.0,Male,High School,75278.56,34.0,Marketing,Yes,1991.0,7.0,7.0,Yes
652,22.0,Male,High School,103832.04,48.0,HR,Yes,2024.0,9.0,1.0,No
653,52.0,Female,Masters,60877.89,45.0,Operations,No,1992.0,6.0,7.0,No
654,29.0,Male,High School,89302.67,37.0,Finance,No,1993.0,1.0,0.0,No
655,,Male,PhD,92513.86,7.0,HR,No,2001.0,2.0,3.0,No
656,69.0,Female,Masters,46017.26,36.0,HR,Yes,2008.0,4.0,2.0,No
657,38.0,Female,Masters,50324.12,26.0,Operations,No,1999.0,4.0,4.0,No
658,53.0,Female,Masters,89815.96,27.0,Operations,Yes,1990.0,2.0,4.0,Yes
659,40.0,Male,Bachelors,68153.17,39.0,Operations,No,2006.0,8.0,4.0,Yes
660,33.0,Other,Bachelors,44184.22,33.0,Finance,Yes,2005.0,2.0,3.0,Yes
661,56.0,Other,None,57262.81,31.0,HR,Yes,1998.0,3.0,,Yes
662,62.0,Female,Masters,78393.2,14.0,Marketing,Yes,1998.0,4.0,2.0,Yes
663,59.0,Other,PhD,54121.27,43.0,Finance,No,1998.0,9.0,3.0,No
664,56.0,Female,Bachelors,14509.26,16.0,IT,Non,2001.0,10.0,0.0,No
665,31.0,Male,PhD,63559.74,32.0,Operations,No,2004.0,1.0,6.0,No
666,48.0,Other,PhD,65180.14,46.0,HR,Yes,1991.0,8.0,0.0,Yes
667,22.0,Male,Bachelors,70184.53,45.0,Finance,No,2000.0,5.0,1.0,No
668,52.0,Other,Bachelors,95177.67,15.0,IT,No,2000.0,7.0,10.0,Yes
669,40.0,Male,Bachelors,71070.46,28.0,Finance,Yes,1997.0,8.0,6.0,No
670,46.0,Other,Bachelors,74858.75,8.0,Finance,Yes,2021.0,5.0,0.0,Yes
671,60.0,Male,Masters,91110.74,32.0,Marketing,No,1995.0,8.0,10.0,No
672,28.0,Male,Masters,70206.88,48.0,Marketing,No,2009.0,10.0,2.0,Yes
673,35.0,Other,Masters,112730.41,28.0,Finance,No,2024.0,8.0,,No
674,64.0,Male,Masters,44725.83,12.0,IT,Yes,1997.0,9.0,5.0,Yes
675,29.0,Male,High School,51317.05,20.0,HR,Non,2023.0,2.0,5.0,No
676,26.0,Male,Masters,82279.17,20.0,HR,Yes,2008.0,3.0,10.0,Yes
677,27.0,Other,Bachelors,95086.27,4.0,Operations,Yes,1996.0,1.0,,Yes
678,61.0,Other,PhD,65984.1,,Operations,No,2020.0,4.0,1.0,Yes
679,34.0,Male,Masters,49787.58,5.0,HR,No,,5.0,5.0,Yes
680,55.0,Male,High School,105219.79,12.0,Finance,Yes,2003.0,1.0,9.0,No
681,24.0,Other,Bachelors,54152.62,0.0,Finance,Yes,2025.0,8.0,4.0,No
682,63.0,Other,PhD,76781.09,19.0,Marketing,No,2006.0,2.0,6.0,No
683,30.0,None,PhD,96283.04,46.0,Marketing,No,1998.0,1.0,6.0,Yes
684,57.0,Male,None,61167.9,45.0,Operations,No,2009.0,2.0,4.0,No
685,59.0,Male,PhD,57557.44,7.0,HR,Yes,2017.0,5.0,7.0,Yes
686,26.0,Female,Masters,58926.25,9.0,Finance,Yes,2009.0,9.0,9.0,No
687,67.0,Other,Masters,88031.03,8.0,HR,No,2025.0,9.0,5.0,Yes
688,44.0,Female,Bachelors,91202.95,48.0,IT,Yes,2016.0,2.0,4.0,No
689,19.0,Other,Bachelors,70674.51,,HR,Yes,,2.0,3.0,Yes
690,22.0,Other,High School,107661.65,2.0,IT,No,2021.0,3.0,6.0,Yes
691,46.0,Other,Bachelors,70639.33,10.0,Marketing,Yes,1990.0,7.0,3.0,No
692,54.0,Other,Bachelors,95846.66,11.0,Marketing,No,2006.0,3.0,4.0,No
693,55.0,Other,Masters,61359.97,9.0,Operations,No,1998.0,1.0,,No
694,36.0,Other,Bachelors,116675.13,24.0,HR,Yes,2009.0,6.0,0.0,Yes
695,25.0,Other,Masters,101402.63,48.0,HR,Yes,2021.0,3.0,0.0,Yes
696,65.0,Female,Masters,67440.51,,IT,No,1991.0,1.0,2.0,Yes
697,,Male,Bachelors,98690.8,24.0,Marketing,Yes,2021.0,4.0,10.0,No
698,18.0,Male,High School,97679.61,10.0,IT,No,1998.0,1.0,2.0,Yes
699,39.0,Female,High School,101060.82,35.0,Marketing,Yes,2019.0,1.0,1.0,No
700,69.0,Female,PhD,20360.27,38.0,IT,Yes,2009.0,2.0,1.0,Yes
701,34.0,Female,PhD,84387.03,25.0,Marketing,Yes,1990.0,10.0,,No
702,24.0,Female,Bachelors,80845.98,13.0,IT,No,1994.0,8.0,0.0,Yes
703,42.0,Other,High School,79421.47,38.0,Marketing,Yes,2024.0,2.0,5.0,Yes
704,62.0,Male,Masters,74366.93,39.0,IT,No,2025.0,2.0,4.0,No
705,21.0,Other,PhD,74956.23,0.0,HR,No,1990.0,10.0,5.0,Yes
706,53.0,Male,Masters,95662.81,3.0,Operations,No,2003.0,10.0,4.0,Yes
707,23.0,Male,PhD,80789.47,29.0,IT,Yes,1998.0,8.0,6.0,No
708,48.0,Female,Bachelors,74338.13,11.0,Operations,No,2019.0,6.0,0.0,Yes
709,36.0,Other,High School,92787.62,34.0,HR,No,2013.0,4.0,2.0,No
710,61.0,Female,PhD,78360.52,12.0,HR,Yes,1993.0,3.0,5.0,No
711,56.0,Other,High School,80271.37,,Marketing,No,2003.0,1.0,0.0,Yes
712,44.0,Male,Masters,107340.74,37.0,Operations,No,2014.0,3.0,10.0,Yes
713,27.0,Female,Bachelors,61310.39,42.0,Finance,Yes,1993.0,9.0,10.0,Yes
714,43.0,Female,High School,39685.79,22.0,Marketing,No,2014.0,5.0,,No
715,36.0,Male,Bachelors,71447.27,3.0,Operations,Non,1999.0,6.0,3.0,Yes
716,56.0,Male,High School,74290.87,15.0,IT,No,2024.0,5.0,2.0,No
717,20.0,Male,Masters,84430.58,6.0,IT,Non,1996.0,1.0,9.0,Yes
718,62.0,Female,Masters,72146.32,21.0,HR,Yes,2002.0,10.0,8.0,Yes
719,30.0,Other,Bachelors,255307.15,28.0,Finance,No,1993.0,1.0,0.0,No
720,67.0,Female,Masters,120092.33,10.0,IT,No,2025.0,4.0,7.0,Yes
721,45.0,Other,PhD,86030.29,32.0,Operations,No,2003.0,3.0,0.0,Yes
722,37.0,Female,High School,89546.31,28.0,Operations,Yes,2007.0,8.0,4.0,Yes
723,45.0,Female,Masters,67409.37,38.0,IT,Yes,1997.0,7.0,9.0,Yes
724,25.0,Male,None,42294.86,11.0,Operations,Yes,2021.0,7.0,,Yes
725,58.0,Other,Bachelors,24037.77,6.0,Operations,Non,2016.0,8.0,,No
726,56.0,Female,PhD,59626.39,38.0,HR,Yes,2012.0,10.0,,Yes
727,18.0,Female,Bachelors,18392.57,41.0,Finance,No,,7.0,10.0,No
728,20.0,Male,Bachelors,80270.98,47.0,HR,Yes,2001.0,10.0,7.0,Yes
729,30.0,Male,High School,62343.66,25.0,Finance,Yes,2014.0,2.0,5.0,Yes
730,45.0,Other,High School,43732.5,39.0,Operations,Yes,,4.0,10.0,No
731,,Female,PhD,72617.48,8.0,Finance,No,2015.0,6.0,5.0,Yes
732,42.0,Other,High School,55227.36,40.0,Operations,No,1993.0,3.0,10.0,Yes
733,50.0,Female,High School,79015.53,33.0,Operations,Yes,2025.0,3.0,,No
734,55.0,Other,High School,84152.53,44.0,HR,No,2004.0,6.0,4.0,No
735,23.0,Male,PhD,55963.32,12.0,HR,No,2021.0,1.0,7.0,Yes
736,,Female,Masters,65254.38,35.0,Marketing,No,2018.0,1.0,1.0,No
737,62.0,Other,High School,74297.92,24.0,IT,Non,1999.0,5.0,,No
738,49.0,Male,High School,41859.16,23.0,Marketing,Yes,2010.0,1.0,3.0,No
739,62.0,Male,PhD,74296.15,43.0,Marketing,Yes,,10.0,0.0,No
740,64.0,Other,Masters,41379.63,16.0,Finance,No,2008.0,8.0,4.0,Yes
741,38.0,Female,High School,81314.34,1.0,Operations,No,2018.0,2.0,2.0,Yes
742,33.0,Female,Bachelors,61296.73,,Operations,No,2007.0,6.0,3.0,No
743,38.0,Male,PhD,41269.15,30.0,Operations,No,2005.0,10.0,6.0,Yes
744,28.0,Female,High School,58400.53,28.0,IT,Yes,1990.0,10.0,4.0,No
745,54.0,Female,High School,59246.51,49.0,Finance,No,1991.0,5.0,3.0,Yes
746,53.0,Female,Bachelors,91370.42,27.0,Finance,Yes,2004.0,10.0,0.0,Yes
747,52.0,Male,Bachelors,73466.09,26.0,Operations,No,2017.0,4.0,5.0,No
748,36.0,Other,PhD,50874.45,14.0,Marketing,Yes,,1.0,10.0,No
749,37.0,Female,PhD,102981.33,30.0,IT,No,1994.0,3.0,9.0,Yes
750,35.0,Male,None,82529.81,39.0,Marketing,Yes,2011.0,4.0,5.0,Yes
751,64.0,Male,PhD,63273.55,14.0,HR,Yes,2025.0,2.0,6.0,Yes
752,58.0,Other,Bachelors,38923.32,32.0,Finance,Yes,2002.0,2.0,0.0,No
753,66.0,Female,High School,61508.13,19.0,Finance,No,1990.0,2.0,3.0,Yes
754,31.0,Female,Bachelors,65589.74,41.0,Marketing,Yes,2005.0,1.0,8.0,No
755,32.0,Other,Bachelors,77380.65,11.0,IT,No,2011.0,10.0,9.0,No
756,48.0,Other,Masters,82145.13,36.0,Finance,Yes,2021.0,2.0,5.0,No
757,18.0,Male,Bachelors,86131.64,8.0,Marketing,Yes,2005.0,6.0,1.0,Yes
758,20.0,Male,Bachelors,37770.65,22.0,IT,No,2004.0,3.0,3.0,No
759,33.0,Other,Masters,74170.1,7.0,Marketing,Non,,10.0,,Yes
760,40.0,Female,PhD,66807.68,31.0,IT,No,1990.0,5.0,3.0,No
761,28.0,Male,Masters,123559.55,47.0,Operations,No,2006.0,1.0,9.0,Yes
762,29.0,Male,High School,71293.89,13.0,IT,No,2017.0,8.0,6.0,Yes
763,27.0,Female,Masters,57546.94,26.0,HR,No,1996.0,4.0,2.0,No
764,49.0,Male,High School,72207.38,24.0,Operations,Yes,1998.0,9.0,5.0,No
765,33.0,Female,PhD,69828.63,12.0,Marketing,Yes,2011.0,4.0,3.0,Yes
766,25.0,Female,Masters,30219.21,20.0,Operations,No,2015.0,2.0,2.0,Yes
767,55.0,Female,Masters,78166.09,44.0,Operations,Yes,2001.0,3.0,,No
768,29.0,Other,PhD,63788.84,30.0,Marketing,Yes,1996.0,5.0,,No
769,41.0,Other,High School,69466.18,36.0,Marketing,No,2004.0,10.0,10.0,Yes
770,45.0,Other,Masters,52528.63,47.0,HR,Yes,2010.0,6.0,2.0,Yes
771,25.0,Female,High School,48121.72,42.0,Marketing,No,2003.0,7.0,9.0,No
772,45.0,Female,Masters,87577.65,4.0,Finance,Yes,1991.0,4.0,0.0,Yes
773,53.0,Other,Bachelors,92169.13,12.0,Finance,Yes,1997.0,7.0,2.0,No
774,43.0,Male,Masters,78361.97,27.0,HR,No,1995.0,10.0,8.0,No
775,25.0,Female,PhD,33784.05,42.0,IT,Yes,2022.0,3.0,3.0,No
776,67.0,Male,PhD,79661.27,24.0,IT,Yes,1995.0,7.0,2.0,No
777,45.0,Male,High School,34081.27,34.0,Finance,No,,4.0,,Yes
778,,Female,Masters,56776.49,46.0,Marketing,Yes,2003.0,8.0,0.0,No
779,54.0,Female,High School,87311.17,38.0,HR,No,1997.0,9.0,4.0,No
780,58.0,Male,None,83151.97,6.0,IT,Yes,2002.0,7.0,0.0,Yes
781,53.0,Male,Bachelors,79139.35,37.0,IT,No,,8.0,6.0,Yes
782,44.0,Other,Bachelors,96258.05,31.0,Operations,No,2017.0,8.0,4.0,No
783,34.0,Other,PhD,81200.3,2.0,Finance,No,2007.0,2.0,1.0,No
784,26.0,Female,High School,29619.62,44.0,Marketing,No,2008.0,9.0,0.0,No
785,50.0,Other,PhD,62609.38,38.0,HR,No,2021.0,6.0,10.0,No
786,37.0,Other,Masters,69167.83,36.0,IT,Yes,2011.0,4.0,6.0,No
787,30.0,Other,None,66825.17,49.0,Operations,Yes,1991.0,5.0,0.0,No
788,45.0,Other,High School,57657.3,21.0,Finance,No,2002.0,10.0,2.0,Yes
789,65.0,Male,Masters,49396.88,7.0,Finance,Yes,2012.0,5.0,10.0,Yes
790,46.0,Female,Masters,118014.9,16.0,HR,No,2014.0,10.0,5.0,No
791,30.0,Other,PhD,62225.1,26.0,IT,Yes,2017.0,9.0,5.0,Yes
792,63.0,Male,PhD,117032.04,32.0,HR,Yes,2000.0,7.0,6.0,Yes
793,52.0,Male,Masters,47174.19,45.0,HR,No,2022.0,9.0,10.0,No
794,23.0,Male,PhD,83141.2,16.0,Operations,No,2013.0,4.0,10.0,Yes
795,35.0,Other,Masters,74592.83,41.0,Finance,Yes,1991.0,10.0,0.0,Yes
796,68.0,Other,High School,51561.01,11.0,Marketing,Yes,2019.0,10.0,6.0,No
797,22.0,Female,High School,60648.86,47.0,Finance,No,2006.0,4.0,1.0,No
798,64.0,Other,Bachelors,69697.4,45.0,Finance,Yes,2023.0,6.0,5.0,No
799,42.0,Other,High School,53117.67,26.0,Operations,Yes,2011.0,8.0,7.0,Yes
800,19.0,Male,Masters,64877.19,,Marketing,No,1994.0,9.0,4.0,No
801,27.0,Female,PhD,22701.95,7.0,IT,Yes,2005.0,1.0,9.0,Yes
802,47.0,Other,Bachelors,84230.32,22.0,Marketing,No,2002.0,1.0,2.0,No
803,67.0,Other,PhD,94543.03,41.0,IT,No,2015.0,8.0,10.0,No
804,62.0,Male,Masters,79087.27,48.0,Marketing,No,2020.0,7.0,7.0,No
805,22.0,Male,High School,115285.16,28.0,HR,Yes,2012.0,9.0,7.0,No
806,50.0,Other,Bachelors,83641.92,49.0,Marketing,Yes,2001.0,3.0,3.0,Yes
807,18.0,None,Masters,92856.19,19.0,Operations,No,2003.0,10.0,,Yes
808,35.0,Female,Bachelors,94767.26,15.0,IT,No,2007.0,5.0,4.0,No
809,49.0,Male,Bachelors,14979.73,16.0,Finance,Yes,2016.0,3.0,,Yes
810,64.0,Male,High School,78473.46,15.0,Operations,Yes,2017.0,5.0,4.0,No
811,66.0,Other,Masters,42341.3,18.0,IT,Non,2007.0,10.0,2.0,No
812,28.0,Male,PhD,46381.93,7.0,IT,No,2005.0,1.0,6.0,Yes
813,38.0,Other,Bachelors,149581.6,37.0,Finance,No,2005.0,4.0,10.0,Yes
814,43.0,Female,Bachelors,63745.68,,HR,Yes,2002.0,6.0,,No
815,42.0,Female,PhD,83009.2,28.0,Operations,Yes,2018.0,2.0,8.0,No
816,39.0,Other,Masters,78679.8,40.0,Finance,Yes,1998.0,7.0,8.0,No
817,44.0,Male,Bachelors,69748.37,35.0,Finance,No,2015.0,8.0,0.0,Yes
818,66.0,Female,Bachelors,84453.67,25.0,HR,No,2017.0,1.0,0.0,No
819,30.0,Male,Bachelors,85669.73,30.0,Operations,Yes,2002.0,4.0,9.0,No
820,50.0,Female,Masters,78852.48,43.0,Finance,Yes,2025.0,4.0,10.0,No
821,51.0,Other,Masters,35509.9,11.0,HR,No,1998.0,5.0,,No
822,58.0,Other,PhD,55213.34,16.0,Operations,No,2003.0,4.0,0.0,No
823,52.0,Other,None,70526.56,14.0,Marketing,Yes,2001.0,9.0,3.0,No
824,18.0,Female,Masters,84669.06,8.0,IT,Yes,2021.0,7.0,0.0,Yes
825,38.0,Male,High School,43428.41,38.0,HR,Yes,1992.0,2.0,1.0,No
826,65.0,Male,PhD,69773.1,41.0,IT,No,2005.0,1.0,,No
827,23.0,Male,Bachelors,38687.51,47.0,Marketing,Yes,2009.0,9.0,3.0,Yes
828,45.0,Female,Masters,90518.36,11.0,Finance,No,2021.0,1.0,7.0,Yes
829,34.0,Female,Bachelors,74846.95,,Finance,No,2012.0,6.0,1.0,No
830,22.0,Female,Bachelors,129231.84,24.0,Operations,Yes,2006.0,2.0,8.0,Yes
831,48.0,Female,High School,42945.43,38.0,HR,Yes,2005.0,4.0,8.0,No
832,22.0,Female,Masters,77748.64,17.0,HR,No,1997.0,6.0,1.0,Yes
833,55.0,Male,PhD,97495.98,14.0,Operations,Yes,2008.0,5.0,0.0,Yes
834,20.0,Female,Masters,48064.28,31.0,IT,No,2019.0,6.0,9.0,No
835,40.0,Female,Bachelors,85732.08,5.0,Finance,Yes,2023.0,3.0,9.0,Yes
836,54.0,Male,PhD,59155.25,43.0,Finance,Yes,2003.0,5.0,8.0,No
837,54.0,Female,Masters,86463.88,42.0,HR,Yes,2011.0,2.0,1.0,Yes
838,27.0,Male,None,83663.82,34.0,HR,Yes,2006.0,7.0,7.0,No
839,27.0,Male,Bachelors,73106.0,33.0,Operations,No,2004.0,3.0,2.0,Yes
840,36.0,Other,High School,33312.17,37.0,Marketing,No,2021.0,1.0,0.0,No
841,34.0,Other,High School,83623.71,4.0,IT,No,2002.0,8.0,10.0,No
842,38.0,Other,High School,80040.39,17.0,Marketing,Yes,2010.0,8.0,0.0,No
843,31.0,None,Bachelors,78208.6,15.0,Marketing,No,2022.0,3.0,9.0,No
844,26.0,Female,Masters,73913.48,7.0,HR,No,,7.0,1.0,Yes
845,63.0,Other,High School,52424.26,24.0,HR,No,2024.0,9.0,6.0,No
846,18.0,Male,Masters,91659.26,31.0,HR,Yes,2005.0,8.0,5.0,Yes
847,68.0,Female,High School,87962.79,25.0,Marketing,No,2017.0,3.0,10.0,Yes
848,62.0,Other,PhD,48491.54,21.0,IT,Non,2023.0,2.0,1.0,No
849,30.0,Male,PhD,96285.9,30.0,HR,Yes,1990.0,10.0,3.0,No
850,21.0,Female,High School,72633.39,42.0,Finance,No,2020.0,7.0,1.0,Yes
851,18.0,Female,Bachelors,72582.74,9.0,IT,Yes,2025.0,7.0,0.0,Yes
852,66.0,Other,High School,66472.89,11.0,Finance,No,2022.0,9.0,2.0,Yes
853,57.0,Female,High School,68440.13,27.0,IT,No,2022.0,5.0,,No
854,49.0,Male,Bachelors,97417.98,5.0,HR,No,2007.0,4.0,9.0,No
855,51.0,Female,PhD,90661.5,19.0,Operations,No,2012.0,8.0,4.0,Yes
856,45.0,Male,Masters,90236.94,4.0,HR,No,2012.0,4.0,4.0,Yes
857,48.0,Female,High School,73691.29,22.0,Marketing,Yes,2004.0,4.0,6.0,Yes
858,,Other,Bachelors,87783.43,8.0,Marketing,No,2015.0,2.0,9.0,No
859,56.0,Male,High School,53313.74,28.0,IT,Yes,2019.0,1.0,,Yes
860,43.0,Female,Bachelors,81668.86,15.0,Marketing,No,2014.0,4.0,8.0,Yes
861,51.0,Female,Masters,66930.24,45.0,HR,No,2005.0,7.0,6.0,Yes
862,,Female,None,28803.9,21.0,Finance,No,2003.0,9.0,4.0,Yes
863,67.0,Male,PhD,38277.97,7.0,HR,Yes,,9.0,8.0,No
864,29.0,Male,None,56740.42,19.0,IT,Yes,2001.0,10.0,7.0,Yes
865,18.0,Male,Bachelors,234909.24,13.0,Marketing,Yes,2018.0,1.0,9.0,No
866,61.0,Other,PhD,56758.4,38.0,Finance,Yes,2021.0,5.0,8.0,No
867,22.0,Other,PhD,58177.67,36.0,Operations,No,2013.0,7.0,,Yes
868,47.0,Male,Bachelors,85265.22,49.0,Finance,No,2002.0,7.0,7.0,No
869,47.0,Female,PhD,58899.76,33.0,Finance,Yes,2009.0,10.0,5.0,Yes
870,34.0,Other,None,96616.14,10.0,HR,Yes,2004.0,6.0,3.0,Yes
871,65.0,Male,High School,93302.47,39.0,Operations,Yes,1993.0,10.0,8.0,Yes
872,64.0,Female,Masters,70437.63,32.0,IT,No,2023.0,4.0,8.0,Yes
873,,Other,PhD,85069.23,30.0,IT,Yes,2017.0,3.0,9.0,Yes
874,32.0,Female,Bachelors,82344.81,43.0,Finance,Yes,1991.0,9.0,9.0,No
875,54.0,Female,Bachelors,65086.69,33.0,Finance,No,2019.0,10.0,8.0,No
876,38.0,Female,Masters,87232.69,49.0,Marketing,Yes,2015.0,4.0,9.0,Yes
877,31.0,Female,Bachelors,90178.04,6.0,Operations,No,2015.0,8.0,2.0,No
878,19.0,Other,PhD,50951.3,48.0,Finance,No,2009.0,1.0,10.0,Yes
879,28.0,None,Masters,73070.97,22.0,Marketing,No,2017.0,7.0,2.0,No
880,68.0,Other,Bachelors,72850.08,45.0,Operations,No,,6.0,10.0,No
881,56.0,Male,High School,86992.39,6.0,IT,No,2000.0,1.0,5.0,Yes
882,55.0,Other,High School,61122.83,,Marketing,Yes,1999.0,4.0,5.0,No
883,51.0,Female,PhD,58044.79,2.0,Operations,Yes,2012.0,5.0,5.0,No
884,55.0,Other,Bachelors,73379.99,37.0,Marketing,No,2008.0,8.0,4.0,No
885,67.0,Female,PhD,93627.18,19.0,Finance,No,2007.0,4.0,4.0,Yes
886,51.0,Male,Masters,46012.46,33.0,HR,Yes,2016.0,3.0,1.0,No
887,35.0,Female,High School,49503.88,48.0,IT,Yes,1995.0,2.0,6.0,No
888,47.0,Female,Masters,59589.9,43.0,Finance,No,1999.0,4.0,3.0,No
889,32.0,Female,Bachelors,63148.46,43.0,Finance,Yes,1991.0,10.0,2.0,No
890,44.0,Male,PhD,34688.34,,Operations,Yes,2013.0,4.0,7.0,No
891,68.0,Other,PhD,99963.91,16.0,Marketing,No,2017.0,10.0,3.0,No
892,51.0,Other,PhD,67393.87,9.0,IT,Yes,2017.0,5.0,10.0,No
893,69.0,Male,Masters,64397.91,34.0,Finance,Yes,1991.0,7.0,3.0,No
894,55.0,Female,High School,102452.75,19.0,Operations,Yes,1994.0,9.0,7.0,No
895,50.0,Other,Masters,84355.87,17.0,IT,Yes,2000.0,2.0,0.0,Yes
896,41.0,Male,Masters,59291.56,44.0,Marketing,No,1999.0,5.0,8.0,No
897,32.0,Other,Bachelors,73292.16,43.0,Finance,Yes,1991.0,10.0,6.0,No
898,47.0,Male,Bachelors,69165.26,26.0,Finance,No,2004.0,9.0,1.0,No
899,59.0,Female,Bachelors,98967.02,48.0,Finance,Yes,1996.0,3.0,10.0,No
900,68.0,Other,High School,66651.52,35.0,IT,No,2009.0,1.0,5.0,No
901,34.0,Male,High School,41158.81,22.0,IT,No,2023.0,2.0,7.0,Yes
902,22.0,Other,Bachelors,32455.52,31.0,IT,Yes,2024.0,6.0,10.0,Yes
903,46.0,Other,Bachelors,99503.23,9.0,IT,No,2023.0,5.0,4.0,Yes
904,21.0,Other,High School,54227.71,10.0,Operations,No,2011.0,1.0,,Yes
905,27.0,Other,PhD,83404.23,37.0,HR,No,2020.0,1.0,9.0,No
906,34.0,Male,High School,71435.27,5.0,Operations,No,2012.0,4.0,,No
907,27.0,Female,High School,61666.9,40.0,Finance,No,2008.0,4.0,5.0,No
908,34.0,Male,High School,64803.05,46.0,Operations,Yes,1993.0,6.0,8.0,Yes
909,37.0,Male,Bachelors,101667.56,33.0,Marketing,No,2013.0,6.0,,Yes
910,41.0,Male,PhD,41038.73,35.0,IT,No,2009.0,10.0,8.0,Yes
911,22.0,Female,High School,62270.9,36.0,Marketing,Yes,2017.0,6.0,5.0,Yes
912,51.0,Other,Bachelors,264393.95,16.0,Marketing,Yes,2006.0,1.0,8.0,No
913,23.0,Other,Masters,44337.1,,Finance,No,2008.0,10.0,2.0,No
914,19.0,Other,Masters,96345.66,39.0,IT,Yes,2024.0,9.0,4.0,Yes
915,30.0,Female,High School,87844.99,11.0,Marketing,Yes,2021.0,7.0,1.0,No
916,60.0,Other,Masters,75435.91,20.0,Finance,Yes,2024.0,7.0,7.0,Yes
917,60.0,Female,PhD,59936.86,39.0,IT,Yes,2019.0,7.0,10.0,Yes
918,65.0,Other,Masters,41768.68,18.0,HR,Yes,2006.0,2.0,3.0,Yes
919,28.0,Other,None,84140.92,2.0,Finance,Yes,2018.0,2.0,,Yes
920,68.0,Male,PhD,124972.9,17.0,Operations,No,1995.0,6.0,,No
921,64.0,Female,High School,72917.85,18.0,IT,No,2006.0,7.0,4.0,No
922,40.0,Male,High School,33479.09,46.0,Marketing,Yes,2006.0,3.0,0.0,Yes
923,33.0,Male,PhD,79150.33,,Marketing,Yes,2003.0,4.0,,Yes
924,48.0,Male,PhD,87205.26,,Operations,No,2013.0,3.0,6.0,No
925,28.0,Female,PhD,51642.95,,Operations,Yes,2021.0,7.0,9.0,No
926,33.0,Female,Masters,57089.76,47.0,Marketing,No,2025.0,7.0,7.0,Yes
927,25.0,Other,PhD,55052.44,17.0,IT,Yes,2003.0,4.0,0.0,Yes
928,21.0,Male,Bachelors,59372.72,47.0,Finance,No,2016.0,7.0,9.0,Yes
929,57.0,Other,Masters,66556.74,42.0,Operations,No,2008.0,5.0,6.0,Yes
930,21.0,Male,High School,52781.98,38.0,Operations,Yes,,1.0,3.0,Yes
931,42.0,None,High School,45283.25,48.0,Operations,Yes,1998.0,10.0,5.0,No
932,20.0,Female,High School,73487.51,48.0,HR,Yes,2006.0,4.0,8.0,No
933,49.0,Female,Masters,66346.76,11.0,IT,Yes,2008.0,7.0,4.0,Yes
934,20.0,Male,Bachelors,61275.16,44.0,IT,No,1993.0,2.0,7.0,Yes
935,44.0,Female,PhD,71663.79,9.0,IT,Yes,2000.0,2.0,4.0,Yes
936,46.0,Male,PhD,39596.49,6.0,IT,No,2011.0,1.0,1.0,Yes
937,49.0,Other,High School,75264.06,45.0,IT,Yes,1993.0,2.0,3.0,No
938,67.0,Male,High School,61686.24,,Marketing,No,2006.0,10.0,1.0,No
939,68.0,Other,Masters,74789.79,48.0,Operations,Yes,1997.0,8.0,6.0,Yes
940,36.0,Male,Bachelors,77992.98,35.0,Marketing,Yes,2023.0,8.0,6.0,No
941,38.0,Other,PhD,92623.03,20.0,HR,No,2000.0,8.0,2.0,Yes
942,22.0,None,Masters,72059.09,36.0,Finance,Yes,2020.0,1.0,6.0,Yes
943,35.0,Other,PhD,91334.38,23.0,Operations,Yes,2000.0,1.0,0.0,No
944,45.0,Female,High School,63561.74,24.0,HR,Yes,2010.0,10.0,0.0,Yes
945,59.0,Female,PhD,64516.45,6.0,Marketing,Yes,2019.0,4.0,8.0,No
946,39.0,Other,Bachelors,68181.44,41.0,Finance,Yes,1999.0,6.0,5.0,Yes
947,38.0,Male,Bachelors,85482.5,16.0,HR,Non,2015.0,8.0,4.0,Yes
948,23.0,Male,High School,82619.18,,Finance,Yes,2016.0,2.0,5.0,Yes
949,18.0,Male,Bachelors,72701.44,29.0,HR,No,1997.0,3.0,5.0,Yes
950,,None,Bachelors,45445.29,6.0,Marketing,Yes,,6.0,0.0,No
951,58.0,Male,Masters,82261.18,32.0,Finance,Yes,1997.0,10.0,,Yes
952,29.0,Female,PhD,52771.91,6.0,HR,No,,4.0,8.0,No
953,43.0,Male,High School,51682.05,23.0,Marketing,No,2005.0,2.0,3.0,No
954,63.0,Female,High School,47230.3,10.0,Operations,No,2002.0,7.0,2.0,Yes
955,51.0,Female,High School,68336.63,8.0,Marketing,No,2012.0,4.0,0.0,No
956,66.0,Female,High School,94234.49,11.0,Marketing,No,2001.0,8.0,1.0,Yes
957,31.0,Other,High School,50692.79,34.0,Operations,Yes,2016.0,8.0,2.0,No
958,43.0,Other,Bachelors,103571.52,3.0,Marketing,No,2011.0,7.0,3.0,No
959,62.0,Female,Masters,88196.2,35.0,Operations,No,2021.0,10.0,6.0,Yes
960,44.0,Other,High School,40707.96,27.0,Operations,Yes,2016.0,9.0,5.0,Yes
961,26.0,Male,None,62344.5,12.0,Operations,Yes,1991.0,4.0,10.0,No
962,,Male,Masters,49194.99,22.0,HR,No,2022.0,7.0,7.0,Yes
963,64.0,Female,Bachelors,83299.11,18.0,Finance,No,2015.0,10.0,8.0,Yes
964,39.0,Male,High School,50236.73,41.0,HR,No,2017.0,10.0,5.0,No
965,64.0,Female,Bachelors,37577.61,36.0,Operations,Yes,2008.0,1.0,,No
966,47.0,Female,High School,63485.48,38.0,Finance,No,1994.0,4.0,3.0,Yes
967,60.0,Male,Bachelors,93387.88,23.0,Finance,Yes,2022.0,2.0,1.0,No
968,65.0,Other,Masters,66149.68,15.0,Operations,Yes,2009.0,9.0,,Yes
969,,Male,High School,77968.88,32.0,Finance,Yes,2019.0,10.0,8.0,Yes
970,43.0,Male,PhD,78744.62,11.0,Finance,Yes,1997.0,3.0,3.0,No
971,53.0,Female,Masters,39754.49,33.0,HR,No,2006.0,4.0,2.0,Yes
972,18.0,Female,PhD,52012.52,6.0,Finance,Yes,1990.0,6.0,,No
973,25.0,Female,Masters,70129.28,10.0,Operations,Yes,1992.0,10.0,10.0,Yes
974,66.0,Female,Bachelors,58852.9,30.0,IT,No,2015.0,1.0,5.0,Yes
975,52.0,Other,High School,104089.09,28.0,IT,Yes,2020.0,7.0,2.0,Yes
976,69.0,None,Masters,45433.55,12.0,IT,No,1997.0,8.0,0.0,No
977,32.0,Other,Bachelors,51814.8,30.0,Operations,Yes,1997.0,7.0,3.0,No
978,,Female,High School,75810.89,1.0,IT,No,2024.0,7.0,0.0,Yes
979,39.0,Female,High School,57442.13,38.0,HR,Yes,2017.0,9.0,1.0,No
980,31.0,Female,Masters,12163.35,14.0,Operations,Yes,1993.0,4.0,2.0,No
981,43.0,Other,High School,108693.62,10.0,Operations,No,2005.0,7.0,7.0,Yes
982,45.0,Female,Masters,48513.89,33.0,Operations,Yes,,9.0,9.0,No
983,40.0,Male,High School,81217.85,38.0,Finance,Yes,2009.0,5.0,3.0,No
984,31.0,Male,PhD,44932.18,3.0,Finance,No,1994.0,4.0,3.0,No
985,41.0,Female,Bachelors,52739.3,10.0,Finance,Yes,2009.0,5.0,9.0,Yes
986,19.0,Male,PhD,37541.34,28.0,Marketing,Yes,2013.0,4.0,8.0,Yes
987,62.0,Male,Masters,55176.13,1.0,HR,No,2025.0,8.0,6.0,No
988,43.0,Other,PhD,57114.36,15.0,Operations,No,2023.0,5.0,1.0,Yes
989,31.0,Female,Masters,67348.69,38.0,Operations,No,2023.0,9.0,2.0,No
990,68.0,Female,High School,62548.62,12.0,Finance,No,2008.0,9.0,3.0,Yes
991,24.0,Other,High School,41169.6,36.0,Operations,No,,3.0,3.0,No
992,20.0,Male,Masters,59522.0,16.0,Operations,Yes,1994.0,10.0,9.0,Yes
993,64.0,Male,PhD,98940.21,20.0,IT,No,2014.0,6.0,7.0,No
994,40.0,Female,High School,96567.81,43.0,Operations,Yes,2007.0,6.0,9.0,Yes
995,63.0,Male,Bachelors,79113.74,18.0,Marketing,No,1997.0,4.0,9.0,No
996,60.0,Other,High School,83261.98,6.0,Finance,Yes,2016.0,10.0,5.0,Yes
997,64.0,Other,Bachelors,111216.46,37.0,HR,Yes,2004.0,3.0,2.0,Yes
998,62.0,Female,PhD,81424.95,7.0,HR,No,2002.0,1.0,10.0,Yes
999,35.0,Other,Bachelors,82883.8,12.0,IT,Yes,2005.0,7.0,8.0,No
1000,55.0,Other,None,38708.34,36.0,HR,Yes,2011.0,5.0,9.0,No
